id,pagerank
VCS,0.3004868808896936
EDI,3.5636264100044586
JAC,0.2265568511057308
LFR,0.209805314507355
PED,0.2248947944369286
YNS,0.50818573779133
LAU,0.6899993869244311
SZA,0.37675984795730455
SRE,0.6893392579385444
REU,0.6520626854211079
BPL,0.18041219935869313
YQX,0.36327379914286284
CUZ,0.929861009348556
YEG,3.9399894967060596
JNB,10.292434712925111
TOF,0.34642638257733804
BJI,0.18462870536917186
HJR,0.2563475275098191
