id,pagerank
AZN,0.25748028276212237
GRX,0.41600151606425884
FKI,0.6579012181293649
ERM,0.4854752301608424
TKS,0.24117247894135502
RZE,0.4286997208291005
YQZ,0.3874273544815363
TVS,0.2950860269830549
YAC,0.681859091479618
KAA,0.21737247684146352
MFM,2.2937262990368765
SHW,0.2213384193266165
KTA,0.5593424970608674
YTY,0.5582573145278602
MOC,0.36331221690254323
TTT,0.182778278877061
DOY,0.2981797734598757
DSA,0.3896621061824522
KHQ,0.7771903928827649
LSA,0.2823949445820408
