id,pagerank
WIN,0.645543617208179
YQB,1.937889041949083
MDG,0.4044515730926604
MJT,0.5003111566179906
SCW,0.8300661486467781
PSE,0.20819670162296955
NYM,0.5353399659216154
QFN,0.6638717497454546
RZR,0.29379806858757807
IOA,0.21776727067835921
OLB,1.4586021911358293
GWT,0.34569151892991884
AUU,0.4641586215986307
DYG,0.6430258523576884
RAP,0.4397026059292751
AOK,0.49557345039837003
CCS,6.1723386602143275
SPB,1.008155124096235
BDO,1.0157320428638834
PNA,0.17898222186223964
TKP,0.30816382227250744
