id,pagerank
JJN,1.1997507711521165
EXT,0.9731028635529089
CMB,4.178792211781571
CFK,0.17946437301900411
SLL,0.3805535924105291
PGV,0.21141729826336822
NSI,1.3230914609453484
VHM,0.547196062739657
RRS,0.1847479422674709
MUC,10.508262630718145
YCL,0.28332793891647823
KIH,1.1432267458210763
JCK,0.6019953521343935
CAB,0.3249007259233853
CBT,0.3485560562829814
