id,pagerank
AKB,0.7601465090067825
TTN,0.6951758754453419
VTZ,0.7811041169387435
LUR,0.33565970029648756
IPH,0.22043523193627979
EZE,3.9728765777056605
AES,0.5335434355146927
PAD,0.41600451678264955
SAP,1.0687655561739475
YER,0.5934324321714449
SXO,0.2797630469367052
MDZ,1.3045129313381736
KLN,0.2708465797204201
JKR,0.20886848791484308
HRG,1.1994994221229118
IOQ,0.5712403289828797
LOS,3.3418775725269665
COS,0.60566858892922
