id,pagerank
SKK,0.9422595482461009
MYG,0.3494854106324224
GRQ,0.32503468399153257
MXZ,0.2773984495277507
SSR,0.33693990903621635
NDB,0.32807500050365807
TID,0.2778375812878146
SYO,0.19619787377789513
JUB,0.6869015287337988
IWK,0.19619787377789513
AIN,0.5836622682222943
ENH,0.23747432496374513
KAZ,0.22189004615264696
TOU,0.5467244287691052
CGP,0.7190413194466755
CJC,0.6791898952815633
