id,pagerank
AER,1.076885267394827
CTU,8.90379131453485
HGN,0.1884503954812432
RCE,0.9192145215740547
QFX,0.34097420387118854
RKA,0.2874721204949862
TEE,0.19496006319629652
PRH,0.211370458549649
AAE,0.44765495021440743
FAO,2.9637858248918922
RIB,0.31983473154917186
YGJ,0.4438142183787055
TCO,0.20685079574601217
JCB,0.5823258800525237
IEV,1.0009190274716602
IAM,0.3601062285558641
GVR,0.253744453575241
