id,pagerank
ALF,1.0037140173324979
BHV,0.40128025639111214
PEZ,0.19039263569604775
UAH,0.7637198582133918
TVC,0.3059181249572117
KSH,0.5556335265428026
CFB,0.3858159273133947
YVR,7.909186607881696
LKH,0.40894201349080483
KTB,0.8986137359955388
BCV,0.5986256038920312
BQL,0.5711491706598425
JDO,0.42138523906457265
JKG,0.24216416774357719
