id,pagerank
EBL,1.1197776396155972
SLW,0.22219429459410292
YIC,0.2934671342783226
TRU,0.20714708512700628
CDJ,0.33527377026489613
KRL,0.4301573893746184
YQL,0.19115735342565418
BTI,0.6934959415920608
CTS,3.3776775879750818
XBJ,0.29379806858757807
OOK,0.7288985123756312
LPY,0.18467573391108627
PTG,0.20651506491792337
KQT,0.3461415105100818
MNG,0.9105293563153741
PNZ,0.472976977668447
DBV,1.7838080122805027
IPL,0.2179882465645135
JNU,4.721643519343199
AMA,0.4590337876215984
