id,pagerank
FSC,0.6627039000742596
BQB,0.3673897400636061
AOS,0.2708465797204201
MJD,0.25306676286046237
CRP,0.3003402342905899
CIA,1.5023913310540404
AET,0.539669459609855
WNA,0.38122692032442196
WLK,0.47940653543049216
YKL,0.6219118295672776
TAC,0.3796521401848916
IZA,0.2758012469085857
KAL,0.7596193670700769
MED,2.6370776953220827
MQL,0.5211718719308609
OLH,0.390469890826405
