id,pagerank
BCN,11.71878054212316
MRE,0.761651487541671
MMJ,0.21826860788878008
UVE,0.9186431380137847
GXH,0.20384794274836376
LYC,0.5471960627396572
RHI,0.3210374577634547
GOT,1.8657097236093787
PAP,1.085262609828513
BTS,0.7090310205556762
XMS,0.21730091714544442
COO,1.8743712523150327
KCG,0.49192374526575405
YCD,0.2337696764369876
LIM,7.537634047239921
YXX,0.24029992039303677
KFP,0.4049632495274447
