id,pagerank
LAI,0.18467573391108627
PBG,0.4020528389203516
PNP,0.9358228534088572
RUT,0.18319905418920415
MGA,0.6893427790982416
SCT,0.2424452363852116
YYZ,12.072057977070477
FMO,0.4255101275447769
BOI,0.8610697982124065
ROR,0.504460036554769
MEI,0.18052552798098537
BTT,1.016104511595596
DTM,1.1686630404641374
RKS,0.31599566379044247
BHO,0.43621244528150344
RBV,0.5015805628080552
IPC,0.3447156751216765
YUX,0.7259337810582787
