id,pagerank
CPD,0.2176604145082193
FKS,0.3087501626945622
SLZ,0.9556196370479995
ZGS,1.1405649576023227
NUL,0.7596193670700769
YCU,0.8310883033136395
MOZ,0.5452981056202914
KEJ,0.2606136363303211
SNP,0.5984659379883931
OUL,0.28183321017293256
SVJ,0.4850493546972667
UYN,0.436598627612798
LEN,0.17657315991463413
OLF,0.2597342969049174
REL,0.8367744158099336
BXB,0.2676278074611123
VLD,0.23913004671408566
ADB,2.317246679960862
CYB,0.37950148805188244
GSM,0.5905284727972344
