id,pagerank
GSO,0.9561238333746893
UDI,1.065490998116255
TMS,0.33292420486751373
VLY,0.1799539217512186
TVU,0.5124584270320512
DAL,1.4614187660518487
INU,0.5168607307251389
BAY,0.20716698141502216
PRN,0.6891754954327443
EWB,0.3560465822991917
ULV,0.22861202635685232
AXU,0.35430453410976576
AEB,0.2188948773674403
KIS,0.2434173936751349
YYG,0.3013208987148683
YZF,3.8200960481147055
EUX,0.1866363081354013
NCL,2.2607559928895893
LIL,1.3352222319609777
