id,pagerank
VIG,0.32962919440812205
SDV,0.5966690699616942
EMA,2.719808334825537
JKL,0.4107051602695701
CFC,0.3760870220331188
TCR,0.18274862807880157
ZDY,0.3641513465770966
ICT,0.7928464528016865
BNX,0.23573461145341726
RLK,0.27244350774454984
WDH,1.596585070872143
CHG,0.22535329126340017
SUV,1.9700500090585378
ATT,0.690571002209315
MTT,0.22905541185178446
NLT,0.209601130102951
