id,pagerank
LYS,4.601677542133571
YYT,1.3985236380924975
NAG,0.6877064307560935
YXH,0.19115735342565418
NAQ,1.3546905823053954
LDS,0.19980315654339179
LGI,0.2502520894757497
GVA,4.72508160284836
GDQ,0.35430453410976576
KWM,0.38160191439201513
BGY,2.760261104909718
GGT,0.44174739594003554
FBS,0.7944642178562118
SVK,0.4151512628358431
TVF,0.2385539156490112
TUL,1.0358559333586996
MIR,0.6340226586820232
