id,pagerank
TUB,0.4674455640203976
ZAM,0.5887656270993878
USN,0.26195984027922875
TDX,0.18374356268103006
MYY,2.286900063257048
MEH,0.7707150702777341
OTZ,4.239495608226194
MDE,1.417755572387876
KWK,0.8482228925053542
CMP,0.436659995684273
YTL,1.29785963844359
GRI,0.3006822086342069
GBT,0.552469156641288
AXD,0.3041066062187314
BRD,0.3210374577634547
SJD,1.8188266524262102
FPO,0.6443013974813071
TGU,0.978225104794896
