id,pagerank
KOT,0.8502689120803224
ANU,1.3723452905021638
TUI,0.18797469415949614
UKX,0.25802509773066545
KAD,0.1989516092768677
XMN,6.048006597224887
NAH,0.22189004615264696
OKA,2.449020612178914
LMC,0.2631624506078704
PJA,0.2621125354786405
CRM,0.24136687380787855
YYE,0.42351819498984766
BIQ,0.5317906011415049
CJA,0.26307090163957736
MBL,0.1787069313999671
SHX,0.8895606916096571
