id,pagerank
ORU,0.39152009911163244
RIC,1.3051214859094353
URG,0.31398947431245267
ERN,0.48760782516849177
CRI,0.3494854106324224
DOL,0.21326569835008422
EBA,0.36979473683797737
ELG,0.42640460711019207
ERI,0.27202413444331025
SJC,2.139776945343763
GXF,0.34152349423902695
NPL,0.39727029559256644
PAZ,0.4203559741712711
SOU,1.214140304439045
YLH,0.663729751592254
NYT,0.20812197451052575
