id,pagerank
YKG,0.8573863936194895
WAE,0.2213384193266165
BLL,1.5484398260530858
MPN,0.2661969462075422
JIU,0.2938748402076205
GDX,0.4389729615421998
AQG,0.3107563361094143
YKF,0.25172010952372625
PLS,1.631946562777835
SON,2.3618924914529873
TBG,0.582698007235264
NLA,0.9697661863796243
LSC,0.7013958667903072
NAY,2.8258158968315668
JUU,0.8309523566194699
LIR,1.0374696337042322
NBE,1.3042290073960365
GPS,0.2734291127655568
