id,pagerank
AEP,8.656970235515223
AZI,0.9463814778693602
BND,1.3092684255429325
TUA,0.21730091714544442
UUS,1.2877028219678026
KNH,0.32295114705907024
YBK,0.8603965581784235
PAH,0.18150464666347127
TAL,1.1555155544501707
KNU,0.1867930066802771
YZZ,0.19383559162576866
BEN,1.091598556645421
KUZ,0.5712403289828797
AGB,0.17946437301900411
HKB,0.36634988108238653
ICN,12.544529927912283
