id,pagerank
AYT,3.7174365336133373
ASE,0.2226339333453522
UST,0.19329773994649607
SLX,0.28456554426580166
LJG,1.6729312164922125
STR,3.771408802213772
PSS,0.2662496928455109
SKT,0.5565294026224803
MYQ,0.18518222644714202
VPE,0.9127742021763267
DSM,1.0462209961624256
GLH,0.36004219979620544
IPI,0.2160294039423383
KCL,0.5701549368450631
HZH,0.21873292726673932
BYO,0.22101736524493462
