id,pagerank
IXJ,0.638953182735591
IPT,0.20864134098540513
BFL,0.3480244975108171
CUQ,0.41720130131658023
BWK,0.18068699790771486
BGG,0.23236132432411133
BUQ,0.400876236335033
RDU,2.6587095292289336
OPS,0.3586279732638072
YYY,0.8146369395262212
YSM,0.5751934102818254
NQU,0.2745634402944942
SVB,0.44948885178202025
VAS,0.27978582247068035
RFP,0.8263063403576046
MEX,11.135169067907565
TUS,1.1567285363909063
KAW,0.5157153527632284
