id,pagerank
GSP,1.0408915090711266
AAN,0.22478454810581652
SJI,0.19629507121115689
DIE,0.5753608476304714
ACA,0.49564108795940826
HHN,1.535188178710364
DDC,0.32915158473786615
YKQ,1.3054881347595684
PEI,0.5781704576107531
GUC,0.1892672168896448
QSF,0.42405562545660314
HAK,2.6736471233697934
YBX,0.6011939931536376
PVE,0.4384768255138595
STL,4.339137500807226
SBY,0.26883537063433816
MHT,0.7324383103287888
