id,pagerank
SMX,0.21635719064819686
WBQ,0.6385387561660971
AXR,0.2874721204949862
BUL,0.24756134666782623
IKE,0.8309523566194699
BFQ,0.4384768255138595
BRM,0.42869009832407934
DWC,1.7205832649436184
HEH,0.6783972381120269
MKE,2.0047170523946067
JAL,0.22905541185178446
MRD,0.2683873604002748
VAO,0.6360652355574422
YGR,0.510855420528448
RCM,0.41043926172326467
KOK,0.30918341302875846
YGH,0.5975331756056839
SPS,0.2174868841110801
