id,pagerank
NAN,3.620634776828385
GDL,3.4549551883607506
CHQ,1.4099114783897682
FVM,0.1913666343049931
GAJ,0.31662447555619927
KKN,0.6103790877148286
KEP,0.20886848791484308
LUV,0.7686117525437086
ZQN,0.8233638190262386
MLW,0.2360421267711705
ZBL,0.21371295976409604
PHE,0.6195983956893476
GMZ,0.18455535135285842
MAM,0.22905541185178446
ELD,0.35246055701242335
ANG,0.19130572106485522
