id,pagerank
APF,0.18378355409798655
VII,0.4493502175031947
HAS,0.3231751802672774
EVE,0.6514308661100008
BKI,2.615164426836242
RJL,0.17898222186223964
PEW,1.4144362531046402
ASF,0.4440970098849992
MGB,0.267707428754024
OSS,1.2267696115428302
PDP,0.4713513959822816
MRA,0.5727142162252943
HET,2.6153565426512566
EJH,0.18458699378155563
CTA,3.1576911575844475
ESD,0.8165941456444843
