id,pagerank
LUM,0.2980331674756805
PVR,1.7023405349740248
CGB,2.90929373594617
NRN,1.218596944975886
MFR,0.4594907895853831
KOC,0.7496684408278647
UTH,0.4039822186003942
IKA,2.153323282006598
ILY,0.180681839133682
NOS,0.4494761145836982
EEK,0.9439619669707441
OSL,7.109461428307499
DAC,3.5666961300063513
PPB,0.2803238268012506
EVN,1.6921845936222015
WXN,0.43529821881422026
