id,pagerank
PRG,5.275907721849465
TIA,1.0856523970732916
CIP,0.21737247684146352
LLB,0.1761052559588437
GEA,3.553429018514582
PEU,0.26839598365965167
TKG,0.41916175700198993
HAM,4.400562362631195
CTL,0.7772485313547586
BHS,0.3630538721221942
GFN,0.37959943796288786
CKX,1.008155124096235
ARW,0.1800181830051805
MYU,0.35801178367266984
CNM,0.1854992996369842
RAS,0.7810629799184021
FLL,7.1201229990208645
