id,pagerank
POZ,0.7023840924552377
LPQ,0.6665500428649782
FDE,0.2723646084319024
PDX,4.5215996516097885
OAK,2.156473943554142
HFS,0.3224778257085938
BWI,4.81059593292994
CEI,0.556058412847117
BIO,1.8187106024433568
SPI,0.33320236364856903
BKY,0.5659882343988987
MJZ,0.5584846539056951
KCM,0.26519874803218124
VIS,0.18458998507014265
XAP,0.47286724844616435
YCY,0.7850811805474581
ONG,0.8101806172578425
