id,pagerank
OBO,0.2861470841048149
SLN,0.17900707900036375
SHV,0.4072597704249874
CSX,4.816721856313963
LSI,0.41120570069759516
AHN,0.18048260074452638
DHN,0.23913004671408566
SBW,0.5992574516480944
OTD,0.4384768255138595
STN,5.682335582434712
FAT,0.8150199673837091
TNO,0.35012984421901067
STI,0.5150384960310819
AVP,0.4626553147720727
GFK,0.5164744952929236
BKC,0.8344330643066518
