id,pagerank
YSJ,0.26920275980896935
MUN,0.3882112403010418
LBP,0.32659031514466763
NSN,0.5015831055988615
HDF,0.27843053528194583
ARN,8.696944028480164
AGT,0.3523984765798931
JPR,0.3021366113992594
CEB,2.764891282746072
NLD,0.19013934023310985
ACE,3.1213785892415395
NUX,0.8082275735937872
LIG,0.5222628045893968
PTH,0.6436807982340691
BVV,0.21974263550806097
TIP,2.262074027222196
