id,pagerank
TRG,0.39727029559256644
CSG,0.23913004671408566
XFN,0.4653866722778807
HNA,0.3386952096670843
YYJ,0.6516942807369035
ABD,0.5795892952682511
CIJ,0.5391786225205398
YKM,0.18799886720561512
BRR,0.180681839133682
HER,3.0454646867399444
TMM,0.879953840864164
NTN,0.4509820483893766
LUK,0.3242309615015868
KOW,0.45355315637400717
LTN,3.2079230545327646
ODY,0.20750824424455705
YAB,0.6806631787102375
DEL,11.042986966219168
YNG,0.31339452948641616
FSD,0.6167018797578333
