id,pagerank
OZZ,0.21773752451421494
KFS,0.18437845287440427
LMT,0.21551425355773132
NER,0.40867992795741015
TRC,0.49817648153229793
MBS,0.30395988759223996
SSB,1.008155124096235
TXK,0.2174868841110801
GMO,0.22788006176742612
FAY,0.38453816369032906
BUS,0.35869445585613907
AYQ,0.4064222419566263
GOM,0.7313979868854407
HAQ,0.3250935851084601
SGY,0.9021455019034816
