id,pagerank
KLL,0.49192374526575405
VCE,3.545558879993672
OGM,0.4384768255138595
TLT,0.9021879587620518
LKO,0.8109053278846207
LSY,0.20834153493706556
PIT,2.3700236710975955
VIX,1.0601245431739013
SNV,0.2352031550978957
BOS,7.992669816587112
DAR,2.1327392079608996
CJJ,0.40854201691643754
KTW,0.9499630889448509
AUY,0.397136466163812
GTE,0.4646281129627969
OAJ,0.3542207374915513
TCQ,0.28187860562413075
CMA,0.9081209280725658
