id,pagerank
ZIH,0.4716664714533387
YHK,0.8456721010808246
IXL,0.3848730463286276
MYT,0.5483325999005644
FRD,0.840056169018229
ABB,0.27560840242985857
NGO,3.035681192389309
IGU,0.8120497382979084
ORD,19.896307494057343
GLF,0.4045978188315956
PET,0.3433160347771721
LBE,0.248012424989114
CLO,1.9482705985962963
BBK,0.41216202283352554
ACT,0.2174868841110801
UKB,0.6398471064665324
