id,pagerank
YNJ,0.5068244672312194
KOI,1.5968554833026145
ABM,0.21894820465635711
HOE,0.20750824424455705
IOT,0.8309523566194699
EKO,0.18851290283052122
ARH,0.8975612052567674
EAT,0.18799886720561512
BLQ,2.5225068525468073
PUE,0.4384768255138595
ULK,0.49322563455570556
VIE,8.989955735446474
OIT,0.49145011465354255
DCY,0.24398010477612264
SVZ,0.209805314507355
OHE,0.331027394700458
YHY,0.43286015626695823
