id,pagerank
EGM,0.8723200179272212
ZQW,0.2926022261856854
DRV,0.32975451261407585
EVG,0.32172661688098214
TSV,1.4999508260426258
TXL,6.0505733438217915
LGG,0.5032148683839236
HRK,0.42863847920882864
YSO,0.8264551939815901
RFD,0.36104613638271094
RTA,0.22349833909004843
KKA,0.7932603858732198
NLG,0.4049632495274447
ROP,0.2338092260776671
BRW,1.5042105320275414
YXU,0.392030440930971
HDG,0.2928680233927492
KRR,1.805636902436174
