id,pagerank
KRF,0.3704674721182285
ZBR,0.4873182620680896
PUG,0.2176604145082193
YOJ,0.34893171733684397
PHB,0.2609785834304941
NOJ,0.38775274410362504
DAB,0.2993240763630186
ILR,0.22788006176742612
SVR,0.6001269140211521
CZE,0.209805314507355
EDA,0.6385810790442701
SGC,0.6796506385068268
CJS,0.5847028700727641
JAV,1.3505023285685034
LNS,0.18154069481321303
SGD,0.17790744039064058
