id,pagerank
DTW,7.750491657065578
RNL,0.5501599838366679
ADQ,1.5313218579866417
ZAH,0.8979665930858576
CJU,2.4590383312731103
ZAT,0.22192824256208937
HMI,0.4312943835751167
SJJ,0.6389303524838243
BWA,0.20886848791484308
BHD,0.7468170104929686
RET,0.38837965264769014
PXU,0.26120537856679876
HSL,0.8095062067094764
NNM,0.49406529630675106
YTS,0.8230709542308177
IXG,0.18518222644714202
MPL,0.8062535163655522
