id,pagerank
DND,0.1789791296069327
BVH,0.22667994000684735
CIZ,0.22891861311775338
AXM,0.24850657255470537
OKL,0.2586234343445673
PES,0.19039263569604775
GGW,0.2597342969049174
TAM,0.3966389227534962
RBY,1.1620411091419267
OGZ,0.19039263569604775
KGD,0.6726647891586228
FRS,0.31231061801596915
BBN,0.40894201349080483
TZX,0.48794827355199233
HLD,0.7557932695413453
JGN,0.3627719152014925
PEK,16.200438779923452
