id,pagerank
MCO,8.042015748910147
YIH,0.7075542293444141
GMA,0.5383114228789068
JUL,0.5730635186848736
EDO,0.1840606923225052
ANF,0.9429521743095004
BMA,1.8423333926329273
KTM,2.982063860140808
SCU,0.3919276055848534
SVU,0.5124584270320512
TMP,0.4987186803782352
ZFM,0.4056774468480054
YUM,0.24754752988116882
AKF,0.26535323858849563
UII,0.222164495269368
LRD,0.2813090440501273
STS,0.34591851531540324
CEN,0.3350624402474534
UKA,0.57137801201898
MNS,0.2341858395046741
