id,pagerank
CAY,0.434792279389025
BJM,0.6813061370800899
FLG,0.2141808134254614
FRW,0.280391461407524
LYI,0.5824249967601397
SCL,5.296556697335952
PPK,0.22909922423436777
LNE,0.6996215454002436
MSO,0.4138461309246245
NOU,1.2495765990191816
SSJ,0.4711040348903122
ADA,0.7483273455261811
EPR,0.26306345154670097
LEA,0.3189835430128339
JUZ,0.2985924280707663
