id,pagerank
LBJ,0.44909101618577174
EMD,0.27620265091375684
SUK,0.21182314270341024
JEG,0.783325174735641
DJG,0.19496006319629652
AGA,0.981020737290473
HRI,0.3646319046923234
FAE,0.2676615212318515
PKC,0.3921443889893786
JSH,0.5074542722833109
YYC,5.408928331866715
SFJ,1.7352138834666841
SNN,0.9084349471524158
TRF,1.2159521880302429
SCE,0.29968543067415077
MXL,0.29560724532002775
