id,pagerank
ZTH,0.6232389350256785
ZNZ,0.9195408533384632
JPA,0.717508465525745
NSH,0.29379806858757807
PMC,1.1533015790894794
JTC,0.42597173422489737
GST,0.7762061388922379
LIT,1.0406323448294317
RVD,0.22101736524493462
IXZ,0.5415750572684666
CDC,0.18851290283052122
AYP,0.26307090163957736
ATH,7.739653216384441
PGK,0.4790793219147662
YNP,0.8330387665257345
LBL,0.32915158473786615
