id,pagerank
INC,1.7645169272964862
KUO,0.18662769380021846
DIY,0.3906564003604926
TWF,0.18851290283052122
CYZ,0.19629507121115689
KEM,0.28488175234521756
AGN,0.3531675352821324
NNT,0.24859758541645696
ZAZ,0.36417591362028734
BET,7.831530397794621
ULG,0.2303081443888236
ABE,0.5796400730959373
SNW,0.31321417524266215
LUD,0.22306537322847025
