id,pagerank
KRS,0.4799430499335875
MKP,0.2740296782076583
ETH,0.7382469954877353
KLW,0.7162627108281914
HUH,0.6912116363064653
YBL,0.6329101393081497
CEG,0.20573850648471406
TKJ,1.008155124096235
FON,0.31344608893278897
MGZ,0.8087872461362144
AIT,0.3894165120937041
AUC,0.2808355392702414
CJM,0.211370458549649
CNS,4.432820747332989
