id,pagerank
AKY,0.38824040454390724
ESM,0.3340313663525822
EAS,0.2296820044626374
ILP,0.5467244287691052
ANM,0.45874905574107444
JFR,0.5617110082932483
SZX,6.091000026147971
MFE,0.36770996714438053
YQF,0.300693862214899
YVZ,0.4879145211255944
KVX,0.3288047074408128
WNP,0.24136687380787855
OAX,0.3630660800112451
NAW,0.211370458549649
DLC,3.855841957694378
KWF,0.3371102476420791
