id,pagerank
JHG,0.8014653330605402
MZG,0.32295114705907024
OSY,0.39997901194590435
TGO,0.48038111031415437
JIK,0.3042249848157198
FKB,0.6769940815066754
BEL,2.4650993397061507
FWA,0.7029901577371107
KZS,0.2074012636839887
TLS,2.8029123511319005
FMM,0.7672652844131076
BOJ,0.5255449328215223
RYG,1.1486175845166864
SRZ,1.0009067374409473
