id,pagerank
HIJ,0.682261915510405
TSH,0.36849663046470427
SWF,0.34152550693087974
SXR,0.7604456162469512
AOI,0.4139698729569675
GCW,1.008155124096235
RTW,0.32212096814009555
IRK,0.18346816210047526
JER,1.2375226426639594
BHX,3.7675634114359617
GCK,0.2174868841110801
ULZ,0.2303081443888236
TUN,3.3775087639936663
JSR,0.2741329048835461
SFA,0.5264959495402681
KMQ,0.6967284231443597
