id,pagerank
SUR,0.2973395466777058
SPU,1.4653074357528386
VCP,4.6552818813832735
KWT,0.8692415667668256
TTA,0.2400617004851184
YVP,1.8533827319032137
SCQ,1.0108890204423442
OAG,0.20834153493706556
KCQ,0.6436807982340691
ROI,0.211370458549649
HLH,0.3352079283565917
YHZ,2.4996833794845763
LNK,0.2529540316934175
EAM,0.2550757778597917
GNU,0.38122692032442196
CHY,0.639980112354119
BCD,0.4502843639313407
BXR,0.23732874233654794
