id,pagerank
KWI,4.426813618126414
LFW,1.025169508090144
GRU,10.420529987161284
DMD,0.7396084819117116
AKP,0.9894610202571748
YLC,0.28449343095893836
UIH,0.2669183725778191
KER,0.423470446608591
OVS,0.41358381734377986
CAH,0.19095866344543458
AUK,0.5980245888070352
STX,0.4692910721584016
LUQ,0.476792029485578
