id,pagerank
BRN,0.4894027820971552
VNS,0.7164536139175375
SZE,0.3895252993196152
IPN,0.35465054710762167
YMO,0.8276244070048324
YXL,3.469479759107581
MKM,0.28844870267990524
SPC,0.371432877101566
POA,3.1900249268999645
MID,0.7106712195051464
MDQ,0.5194431699782
UME,0.5470891674274708
COQ,0.391703715653396
PMW,0.6221790612855653
YAG,0.6370038195713653
AEY,0.46925033704674884
HVD,0.2303081443888236
ILG,0.33139648776585495
BDJ,0.8608203119727718
CMX,0.18150464666347127
