id,pagerank
PPS,0.5756956227380748
UKS,0.21842111061526764
SID,0.7692277436974397
DAT,0.4243514618515981
MIM,0.3949820581537105
BGF,0.26371519691605566
FNI,0.26162244683177754
QJH,0.45189796501981755
TAG,0.2864386764046002
GIZ,0.3828878879195266
SRX,0.22415252406222996
STZ,0.15122326861443525
AWZ,1.6116299905720963
UEL,0.4007445144959967
BZE,1.9646205800349994
GNM,0.3275997644456994
