id,pagerank
CGN,3.7617498381072387
GGG,0.2174868841110801
VRA,0.5382299644345829
KYZ,0.20462418317255032
CPE,0.22905541185178446
BOY,0.22732036988826843
CFN,0.20524665240872386
AMM,3.9521783784257045
SOC,0.4818207178110358
SEA,8.698746358907263
YPO,0.6271007765874196
SHG,0.8393712007096285
XIC,0.2671174578538592
UBP,0.30403794255145755
MSP,8.577327514369523
NMA,0.5938330187828775
KWA,0.8104785918650601
IXE,0.6945969747998936
ODS,0.7351403767353305
