id,pagerank
TKU,0.4232526186132066
GLT,0.41929570913347325
MHD,4.2634897338321185
DHI,0.20886848791484308
SYB,0.3818123867696892
TQL,0.22248603422214444
IXU,0.32804936725725803
MVP,0.43990776792920866
DRW,3.3377765654568754
YQD,0.6917900046332479
LCH,0.24954183847207317
TJA,0.9448990043310622
LPS,0.646722351877125
PFO,1.3208284714565282
YBP,0.3887202335547639
FMN,0.6347153186724017
BKW,0.18154069481321303
