id,pagerank
YYD,0.37480329961221426
HPN,1.109141824585439
PJM,0.4282463435569886
BTV,0.5706926464601981
SJU,4.092516068172273
BIL,1.5115830499549876
UTN,0.2623979240547788
DEE,0.21974263550806097
AVL,0.5484577110770527
LUO,0.21778296032190855
DSN,0.7362910124849333
SMK,0.7792198571364335
CFR,0.2717921716822859
MOI,0.27031989035406967
LUG,0.20021887467274155
RUR,0.6662765885562241
PMZ,0.36395026050641116
