id,pagerank
RCH,0.2160294039423383
BJA,0.34720498889994944
BSB,6.478391045357408
MST,0.40567075433163385
MZW,0.19496006319629652
PRI,0.20225799638360556
USK,0.3310045880790478
WRY,0.4347941353559542
TLE,0.5501894050618038
MLO,0.21776727067835921
KSC,0.2805991729283066
CTG,0.7153438501830904
DIK,0.22267265364438146
FRO,0.3229317243725194
