id,pagerank
MCZ,0.8321924688744953
CSH,0.23652604729399945
CEZ,0.1892672168896448
AUQ,0.9207895950132872
UPN,0.2240451799975683
PWM,0.676483681546357
IOS,0.6681043711880613
KTE,0.2505996621611665
NOZ,0.22144426924870858
LEH,0.18008105491564835
GWL,0.18645214278481495
LOH,0.2784038392210052
PVH,0.869523127234802
ASB,0.6365181806004881
