id,pagerank
EUN,0.26393999481887537
SPD,0.1921931473708055
PEE,0.35039329755489274
GIS,0.3161512462455757
IKS,0.2724230167923852
ZNE,0.26306345154670097
CGR,1.3223451990154957
FMI,0.49023758730008193
UUA,0.31754302121301753
NBS,0.26586720992058005
JOG,1.44030989066965
OMH,0.356797941225781
PAS,0.21776727067835921
SDU,2.186874783219411
PBZ,0.20710612775129067
MCX,0.3018236288802489
CGI,0.18346816210047526
MUX,0.653371429876091
BEW,0.6920020339154499
