id,pagerank
CPR,0.258324056683785
PBH,0.37469446057042416
KSN,0.26709537510825704
LST,1.0307797922433262
BGR,0.4078202146313366
EOH,1.521973478855129
TSF,1.1744807187547741
LJA,0.15122326861443525
PBJ,0.4558890958938972
THN,0.20953784795821412
SPR,1.3111574842050648
MKK,0.321258801472606
DLE,0.2337491623771328
MJM,0.31290556629584354
BFN,0.3764684314576411
