id,pagerank
BFI,1.5593760360777416
CXI,0.3699868724274758
DUJ,0.32022433613084134
HME,0.5752856025057648
KTL,0.2912748497492835
PSC,0.44422419591807016
MLH,0.622015368032145
SLP,0.4479553416838435
HOR,0.6099502678256457
LAO,0.24136687380787855
MGS,0.27031989035406967
NKC,0.6051916730850954
ACX,0.30497685779426686
CVU,0.34987940555825553
BCI,0.21371295976409604
