id,pagerank
ASM,0.5682457267225148
AQA,0.22101736524493462
LMP,0.22405649733866584
FKQ,0.6062482068954927
YDQ,0.3141676921934118
GCN,0.24277268912017563
XKH,0.20750824424455705
KYP,0.2030352707317202
PIH,0.18851290283052122
RMA,0.4423040525599284
LCA,2.8166675812974997
MII,0.34198041849109034
LXA,1.0966766638619154
TBT,0.22891861311775338
CED,0.2176604145082193
AGU,0.4626964119635974
WNR,0.7687776704427701
YGV,0.48861316890272055
YOW,2.2326253392869315
HOI,0.2874721204949862
