id,pagerank
ULO,0.2303081443888236
TKK,0.42919529856909183
DWD,0.2213384193266165
VCT,0.18327822297542828
THL,0.4026777777894618
GDZ,0.18227490216709605
BRC,0.8851114642012041
AAX,0.253744453575241
BEU,0.7348427139085726
CJB,0.7291017071096866
SYZ,2.6001334965006317
CRA,0.20512021936359853
SIN,16.580968091223777
DEC,0.21374954014951128
MDC,1.7354396636186773
YMT,0.5926061629000162
OAL,0.22667994000684735
WWT,0.7807147560746697
HRE,1.9455169569498985
