id,pagerank
URC,5.276945035506402
PLW,0.5415318642427149
SAE,0.8309523566194699
SHM,0.19619787377789513
LGP,0.33458033758816996
TGD,0.5863139814623839
LAD,3.5790327488398104
CND,0.18437845287440427
PHS,0.3087447753516707
EZS,0.3609238781803564
BFV,0.211370458549649
ABL,0.8480588859695634
JNS,0.6664833339070112
CGH,3.2604028460876413
BYC,0.5925974961637195
ASW,0.4607752879697639
