id,pagerank
CUK,0.6617952109177953
KOE,0.8759505140585103
YCG,0.2337696764369876
DUD,0.6019620058125428
ORB,0.3354555819021496
PKR,0.20886848791484308
HYA,0.3358712490921775
MJU,0.22158660313328118
SKE,0.1839845203013537
MCK,0.1892672168896448
YXY,0.4458553125365784
SFG,0.30506505013139895
KGA,0.4707158878921716
WNH,0.19998009227342664
YES,0.23732874233654794
GRW,0.24200984978865273
BUW,0.22158660313328118
