id,pagerank
LZY,0.274854322127899
AHO,1.051871395364078
LBB,0.4618058279978171
CBO,0.2864386764046002
SYY,0.39149740857025067
QRO,0.38484282405350545
HLN,0.3123935985292002
JJU,2.459739210731454
BKK,12.460686048603387
MCT,3.961030980672282
ABJ,2.2506512162731194
NOV,0.4875949581724448
TIF,0.5888122831847381
FLO,0.21141729826336822
UGB,0.5701549368450631
BHE,0.39727029559256644
