id,pagerank
KRY,0.209601130102951
GEO,0.4770359286860005
BTH,1.6318777155509983
APN,0.21507399081010364
YIF,0.9479995717407782
SMF,1.9676954355770224
LKL,0.39057995500204573
WUS,0.4999853018335526
VRC,0.19629507121115689
NVA,0.2808355392702414
KAN,0.4673406015537334
OSW,0.19039263569604775
KYK,0.3818123867696892
YTE,0.5322336670732861
ELL,0.20651506491792337
LCR,0.572845627250808
TXN,0.756058372841652
BNE,11.127220222438499
BHQ,0.4518775152901186
