id,pagerank
LIH,0.8735747879844553
ISC,0.490414674190125
YGX,0.3485321304699148
WIL,3.058764718582134
KSA,0.6218838291021289
PEM,0.35144934683608514
BLZ,0.439349570546675
CMW,0.25927390296233754
HKT,2.524791671968382
VUP,0.2808355392702414
TUO,0.3161512462455757
IAA,0.195693707721738
ODN,0.40894201349080483
PNS,0.7723782541834217
TRN,1.265974370639048
BFJ,0.34812117082565913
