id,pagerank
KUV,0.22188862202368986
MTE,0.22435598462809597
TIM,0.48062598725975114
MLE,2.0730533997028893
ASP,0.9413146449284098
SKG,2.653681246625573
GYE,2.505126332382353
BLE,0.3243766846839891
LPM,0.47901109070130926
GRO,1.6103844697639829
KIN,1.1128623138834535
DXB,13.610690965960895
MDW,4.505798469022039
IFO,0.20728021845287503
TJQ,0.3318268737091892
ZCL,0.3956246015170942
MHQ,0.3006109691966273
SCO,1.0751890582849388
