id,pagerank
EYK,0.3761475261563734
KZI,0.18449526964639723
AQI,0.2213384193266165
KMS,0.3297435081588976
TBS,1.2438354421301574
YXT,0.42486059777402274
LLU,0.8206692707857497
NSQ,0.7771903928827649
WRO,1.015391377156194
ORK,1.0069015460474182
PBM,0.5591841742765482
GJT,0.41960017135244904
LHE,2.198900346092815
AZR,0.6106140026704968
EBH,0.19496006319629652
