id,pagerank
WJR,0.7741756356892987
MUR,1.1921988768290024
DEA,0.2637111695229452
GYD,2.2943417764700746
LPB,2.5559776430564303
FRU,1.8395545457140106
JBQ,0.26736335771327646
CGO,4.308221619218199
CAC,0.3258787996912777
CEC,0.2746152257420058
DAY,1.1093954376875652
WKJ,0.2316644328904253
GOH,2.0700096350891943
XQP,0.4910897898561552
TAO,4.905399155171894
SKZ,0.4115367566226825
YPH,0.8660670246893699
YQM,0.5415929782069131
