id,pagerank
TRO,0.5312477363927227
KHD,0.23732874233654794
MLI,0.6677077356566559
SJP,0.6394783912235901
BIK,0.5067502691123913
TUG,0.2864386764046002
ATD,0.3149857967064299
WLS,0.5738893066658438
DEF,0.23732874233654794
GKK,0.33307123097484903
CCU,4.369971083709904
AEX,0.3374486165717236
HAV,2.0886754461608463
LJU,1.0604390127489003
YOP,0.34893171733684397
MAU,0.5743473309591811
ZGU,0.8406865866985495
