id,pagerank
PTY,4.7009433321492855
YNT,1.495196070860494
RKV,1.7257205649841953
SCM,0.7173038870261892
BLJ,0.2855114191987296
BKM,0.3030396371238863
FOC,3.3723225468073057
COD,0.2265568511057308
DGA,0.8723005101792778
CPH,7.223758203985053
IPA,0.7451486342910112
DIB,0.4619699473067997
UCT,0.44333410184457767
PZH,0.3460381693129619
RAR,1.9455082877686238
LWB,0.21084295417976318
JLN,0.2174868841110801
