id,pagerank
BSO,0.24136687380787855
YZS,0.8010245910179379
BFS,1.0059189219596374
CIH,0.5383203977846952
KUS,1.6624161012913188
TIH,0.6282333237279835
HUU,0.26307090163957736
MYR,1.4242532583829417
JOE,0.18662769380021846
UMD,2.6574276971651876
VSA,0.6728330765201285
ZLT,0.6184035886190785
KBV,0.747258875624639
NVK,0.23441572908000696
MFU,0.21737247684146352
YFB,2.7519237341586904
XNN,1.563310141902147
DAU,0.5571123942305488
