id,pagerank
YXJ,0.5119300658107374
YUL,7.939432950445956
PUF,0.2961346844011674
POL,0.667949347837642
UKK,0.6793700931551754
RAE,0.2213384193266165
GRB,0.39382490305686213
CEK,0.8370028193071721
PDS,0.22905541185178446
RNA,0.5357281110657337
BKO,1.198608953228018
TSE,2.4320011166062137
LIN,1.7956359260872943
TTU,0.18428505921756394
IAR,0.18572542735531614
BMW,0.2376862731172902
CKH,0.2724230167923852
MQT,0.2422313101534391
SVL,0.22203211898600167
PQM,0.19013934023310985
