id,pagerank
SKU,0.24355713618706681
YKT,0.35897330288975277
PGA,0.6450870540739296
TCB,0.21617760583916937
MZT,0.7077920593299792
GNY,0.32808645447228646
YLL,0.19115735342565418
BVB,0.3843093021243897
PAV,0.20725850590851125
AFA,0.49200415548298976
OZC,0.33458033758816996
OLA,0.1847479422674709
GYS,0.33850031284655235
NYI,0.19585332850055082
CKS,0.6228449442378029
KME,0.19149321918013334
CTC,0.2662496928455109
