id,pagerank
POS,1.5557064382303356
TUP,0.4869833608254932
YPM,0.6501837389140719
BPN,2.0610674763765364
DNR,0.23849144624198895
ALO,0.21178602471250732
KOA,0.9405983784175891
FTU,0.3816196141995716
GEL,0.49814932671853884
MGM,0.36558769185966355
IMT,0.3210374577634547
OWB,0.22865466464859155
KEF,1.6648743915989597
PNQ,1.3488148616999507
PEC,0.3531675352821324
