id,pagerank
ETZ,0.3084201483964886
CMU,0.24756134666782623
MMY,0.3369614835421477
ILI,0.2894504870933853
TGR,0.19496006319629652
KPV,0.7026911625294479
URT,0.3383290784669101
MAB,0.911335960903163
VKO,3.8452249001125303
MLG,0.2769984174710654
PLX,0.3013600675897353
RAJ,0.25690989112557433
GLA,3.4795658518839696
DMM,3.2545500603222632
OND,0.5724788821299279
CUE,0.3444814877520144
VDA,0.15122326861443525
