id,pagerank
RGN,2.9634511923664464
HBA,0.6477455068648665
CGA,1.1073717989077572
KSE,0.20149773239236674
TLV,4.302503932306162
POP,0.5550919340909793
HOF,0.25690790760898247
CZS,0.2630014844681345
SZB,1.6891331755525745
MTM,0.708884205697367
HEK,0.29620872389060854
STM,1.2744222319896334
YWJ,0.5044165142986866
LMN,0.2335749669605725
ZBF,0.33697599282419377
WBB,0.9931376348024035
TCG,0.209601130102951
