id,pagerank
ITH,0.2664417547913755
ESL,0.19039263569604775
DBQ,0.21178602471250732
JTR,0.5768493722635517
BFD,0.32022433613084134
XUZ,0.6259622038300086
ICI,0.2949591442286714
HMV,0.3855064534916287
CFU,1.5260519244832038
ATY,0.3620639069189086
SHE,3.6057626740870057
SDF,1.4123439129512245
PMF,0.265155449875791
MPH,0.33458033758816996
RAO,1.3415113478440273
NYA,0.36780799250978974
