id,pagerank
FUJ,0.32088306045395437
MQX,0.6530347677831029
LZC,0.22905541185178446
MBT,0.19629507121115689
KUF,1.0767826360274868
ZPB,0.5668084220853191
YFJ,0.2614000050158046
TKE,0.45251453205807934
YXP,0.8643791326469406
AGF,0.2797139793559258
CBH,0.1913380157767745
PND,0.8490678141258439
RSU,0.26195984027922875
CHX,0.4384768255138595
MGT,0.42416422330566184
PKU,0.903577119151389
LEC,0.20725850590851125
CBQ,0.27560840242985857
CNJ,0.5206717985697581
