id,pagerank
DMB,0.30269981771672066
GIU,0.8586255151447229
LGQ,0.21730091714544442
TAP,0.2314324518033747
YZT,0.4015856259010862
ISN,0.22267265364438146
PGX,0.22557793916937796
LRR,0.423395539027134
SOY,0.5326965333551432
AZO,0.334241265641276
STD,0.3882112403010418
IVC,0.31755796767191163
SMS,0.39632125740204344
IRA,0.7722704177470545
HOG,0.45622098380189463
SBN,0.5430850147270658
BNS,0.2683873604002748
