id,pagerank
IGA,0.3494854106324224
ONT,1.0082386148445825
AGM,2.088154394158687
GAM,0.7318709914912711
YHR,0.9313120517709678
MQJ,0.2724230167923852
SXI,0.2083342215998527
SSY,0.21778296032190855
FOR,2.0611510453463633
YIO,0.6343977315428544
JST,0.3156677749668416
APL,0.8379817341014919
MAA,3.9679087728938254
CYF,0.8354383500914642
INB,0.896067479761345
FAI,6.8087724492255495
NAV,0.2172158765824742
