id,pagerank
LOD,0.5361907028232119
AKL,8.950032003328797
LYG,0.5483021243129041
FTA,0.6941216727161345
YSG,0.2614000050158046
VGA,0.2529733198101506
BDA,0.5875294134073094
CCV,0.8788171713463446
JXA,0.29450587987615146
JGA,0.18645214278481495
KXU,0.4900937956319405
KIJ,0.714622431602029
NTE,2.6566255883950656
ORI,0.4371658087145391
TGI,0.20714708512700628
