id,pagerank
DRS,0.7125786669180454
TPQ,0.26851060677921007
ISU,0.45598604096390155
OVD,0.5772501710230047
SDE,0.2662496928455109
SOW,0.42564845580005284
LUN,2.626833863316075
DED,0.33176551807712346
KOJ,0.7750828908220359
ALS,0.4453439834091423
CNX,2.1015399414314215
NDJ,0.6763715804652957
KGP,0.18944265927523982
LAX,19.323045552501018
YYH,0.7665515026852973
ADF,0.23236132432411133
