id,pagerank
LXG,0.20750824424455705
HPB,0.664267229530299
BMU,0.2887334033574358
YMN,0.8811001340296353
YXE,0.7827783823528175
BUX,0.3491249789011001
SGG,0.5712403289828797
TLH,0.5967788730009429
RJA,0.25290990865894813
MTS,0.20651506491792337
OMA,1.249784222339574
POM,5.858464229579291
RIG,0.22434869043728178
SDD,0.4203981608970164
CKD,0.4689013082135565
KNS,0.3295796189014029
XIY,7.303347585789601
TIU,0.23643891832492092
