id,pagerank
NRK,0.22203211898600167
MRV,0.9507055132286447
VXC,0.322630541596849
SCY,0.3956349569166784
MWF,0.33693990903621635
HNH,0.7762061388922379
TAS,3.103500163716734
LCX,0.17398257575066214
MAF,0.4555239061572488
PLN,0.181668554055367
EWR,8.16157350822242
ERL,0.2021952043555986
VDH,0.22718297774681973
CKB,0.3110646244835355
OIA,0.34459184165514006
CIK,0.6612363225462008
JIJ,0.5896089232185237
