id,pagerank
VVI,1.8746341060532428
YNB,0.4834108633046818
SXF,2.359560161463479
SVS,0.6385387561660971
SLU,0.5669785963600426
MZV,0.46522572275232704
HMA,0.5198200023587036
JHS,0.7565169129644563
MHC,0.25017227904113915
KTT,0.30976760781439405
GDV,0.2597342969049174
FRE,0.3149857967064299
HSN,0.4747880000931499
KRT,2.1128274737794763
BVS,0.2099229546313266
KCZ,0.36159908071965924
MBA,0.7273670963800056
