id,pagerank
YCO,0.8980255209337328
TWB,0.7339705911982947
MQH,0.4818918483484747
GHB,0.39022993397062167
NRT,10.177936547918712
JQA,0.7092123353987725
CGQ,1.730782071987855
DRK,0.31344608893278897
GFF,0.3630538721221942
BTJ,0.3438302196197871
CWB,2.9560179999288088
ORF,1.2781890206719035
DIJ,0.18165134932259402
OCC,0.4254822106458543
