id,pagerank
SJK,0.37829920779054954
TRE,0.180681839133682
MGQ,1.0311639880143197
KZO,0.3303237173449814
RVE,0.37654805084920834
HUY,0.30543478356155174
DJE,1.1195060013936535
BRE,1.4788497067957924
LPI,0.20422855205780047
DLM,1.6651696521143864
GAO,0.1906835834683959
VCA,0.38582357114272015
IST,13.97501616493198
RAK,2.178839918736127
CPC,0.2662496928455109
SFB,2.590951621735485
