id,pagerank
BUN,0.2808355392702414
NUS,1.1340718440798196
ALB,1.2609701772054476
YFC,0.31119546760308103
PPQ,0.31205464588208076
ZYL,0.3629989878409715
LBD,1.4232973031974803
HTS,0.3333409601950126
BHY,0.6223233858078243
AGS,0.3542207374915513
TFI,0.40742818592322905
OXB,0.43457670904511536
TNG,0.6686558109748286
UAP,0.7637198582133918
ILD,0.17596441627110326
GRP,0.38902185851063464
EWN,0.2993240763630186
