id,pagerank
ZAD,0.8555087549725414
POJ,0.46995474473008814
IOM,0.5866377138122161
MMH,0.21795670152585003
FUT,0.3148162660062106
LKB,0.2949591442286714
KCC,0.3371102476420791
CIU,0.181668554055367
BHU,0.22168101695519465
ACU,0.5324951313529493
ADU,0.37990354230969076
TNK,0.7386360947565092
KKH,0.8229047575164454
KZR,0.18437845287440427
PVA,0.22259556920507792
