id,pagerank
BAZ,0.22891861311775338
SJT,0.2174868841110801
GCI,0.7519636005982449
YUS,0.2050676470432386
MCG,1.59774481749377
VHC,0.3798906269080941
UNN,0.211370458549649
BOO,1.7483762503338234
KYU,0.5047611138966267
AKN,2.778886715333204
KSQ,0.3311518085846158
OTP,3.7024399147882896
YWG,3.179909263527626
KDO,0.33307123097484903
ERZ,0.3311913560002202
SDQ,1.9150296966671663
