id,pagerank
ACK,0.7845057922190691
DUR,1.4288496631021468
CDR,0.3764211690573313
DOU,0.33345940265257185
ROA,0.618382407637406
SHP,0.31679244120024097
NCU,0.30014364197674315
SXP,0.6104718339389655
KJA,2.350319889742198
NAS,3.904318549838003
PSG,0.608397176982227
TNR,2.3053215167181236
ALG,4.5280318112148645
KIM,0.2623979240547788
CIF,0.5332021050886002
DLZ,0.2303081443888236
