id,pagerank
RSA,0.2662496928455109
BFF,0.1892672168896448
TEN,0.2664519758300321
ERF,0.2948788050916094
RKD,0.18319905418920415
BMY,0.45247139454771645
CIY,0.3623605429821429
RGL,0.8077376959568001
SAH,1.9543820590482708
NKG,4.118086421335686
TAE,0.33754368011756086
MME,0.23880851956911164
LWS,0.3735846279176903
OKC,1.4590980520118384
OTH,0.21551425355773132
WBM,0.24756134666782623
AAL,0.7688956271825156
