id,pagerank
RDV,0.35081718784343896
VKG,0.19095866344543458
UTP,0.22197763631742926
TTJ,0.19619787377789513
AKI,0.9254246379251678
FCA,0.3285050920297015
CAL,0.180681839133682
HKD,0.5017960536314608
QOQ,0.5363941040645892
TQA,0.7771903928827649
TSN,3.7448365750514725
YIW,0.5860466407766469
CHC,3.223027939485366
ORX,0.37734944630089085
CZJ,0.5324951313529493
GSE,0.8072931665852916
