id,pagerank
CIX,0.20714708512700628
AJR,0.38550645349162876
VER,0.7484923149881464
KLV,0.32055024386232334
SAW,5.614353518826861
SDJ,1.1985411291858499
LYA,0.3640076755148001
LRT,0.2135335202122994
CVG,2.5483782789010947
RHD,0.2662496928455109
BTK,0.31817044547395296
VDC,0.5227562589898496
JOL,0.23449125588921393
TZL,0.2780928183087786
ERC,0.26519874803218124
MMO,0.2083531553937314
