id,pagerank
PNH,1.2707084865148277
ENE,0.49286004685676255
HYN,0.47332564570216984
LHW,2.3246987602341345
YRA,0.2614000050158046
SYM,0.22435850410292232
ZSJ,0.958855634485977
TAI,0.4199650676190303
MAD,10.808560491672946
TQI,0.5712403289828797
JRO,1.3903280758099719
PAC,3.484023216154542
LCE,0.6664072627659732
BUA,0.6317701559559832
YZY,0.2180567471919081
AKV,0.7296874328302123
BSS,0.21763536348959855
AJA,1.4897575101537055
IRP,0.25086210103422774
