id,pagerank
YMM,0.8377611996169934
UNG,0.5871616527545598
RUA,0.20149773239236674
MKW,0.9354673806492043
LPT,0.18374356268103006
YQC,0.7602881587185465
HBE,1.5083058881105975
DCN,0.26306345154670097
KSY,0.26519874803218124
TAK,0.41492623399226186
ULP,0.650343727170297
ECN,0.6615982483371874
AOR,0.3688701307654373
ALW,0.18799886720561512
TCD,0.3127647063756785
KYA,0.27637441195770407
MUA,1.0891863206089558
MDT,0.7576108672917446
