id,pagerank
MKG,0.18150464666347127
PIX,0.3484734655523783
TML,0.285113448272782
HGH,6.336895255307455
BQN,0.26802899860037527
EYW,0.644620805228509
ASU,1.149330978599807
MAH,1.0381156140079058
INZ,0.4296841037477024
FNC,1.5693261967549776
MGH,0.20651506491792337
MNT,0.46340420294976187
LXS,0.37192976752902474
PDT,0.18513618856428568
YAY,0.4848106217853199
VDE,0.23237438705451421
