id,pagerank
SUJ,0.20716698141502216
PZB,0.20651506491792337
KGE,0.547325702279532
JBR,0.18346816210047526
YBG,0.4667571234493071
LAP,0.5137784939021255
DPL,0.34367984489548964
MSS,0.18562273618246528
AMD,1.343001139550366
GHA,0.428982464129814
ANI,3.1020225701559685
SMA,0.2576868843781609
BEG,2.620692538796111
OPO,3.3427437426188784
IJK,0.3022835521793457
SFO,8.919914253965501
