id,pagerank
SMR,0.3921645237828883
VEE,0.9047120435111031
JYV,0.22203211898600167
HDY,0.41016218699464035
LOE,0.211370458549649
NVI,0.37032117566622824
HMB,0.44879982197471313
INV,0.5896816618767152
ATZ,0.3526750137622594
BSC,0.2745634402944942
IRZ,0.48760782516849177
NYO,0.9975423076495674
ETR,0.21730091714544442
TMR,0.6890757073617019
FNT,0.5108067192143788
SRK,0.5299125901047324
