id,pagerank
PKZ,0.41104268782244646
CAJ,0.2352031550978957
PBU,0.26846585389237754
GBB,0.19039263569604775
MLL,0.6112305720344087
SGU,0.2265568511057308
TWU,0.4834422640909153
TYN,2.774643989548565
TGP,0.195693707721738
OMS,0.784119304723439
UTS,0.22992773546497894
KLX,0.4491005971226688
SVX,4.400847494191689
HON,0.41737607093904033
AUA,2.0386807094033728
CYX,0.2724230167923852
GAL,1.6131817278244254
CKG,7.028090227650582
