id,pagerank
UAQ,0.3812761170765866
IAD,7.001950405995272
MDU,0.24756134666782623
FLN,1.5782064198350092
ANR,0.21326569835008422
GOQ,0.1998959146109891
CYS,0.620459430400275
JAI,0.7412689189894023
TJU,0.3759550780018391
LAM,0.1854992996369842
GHE,0.5324951313529493
KZB,0.3818123867696892
MSQ,1.796869275570999
MUW,0.19496006319629652
