id,pagerank
NQY,0.4199351098410827
KIV,1.1141544090287583
JHM,0.22823882963168923
HRM,0.2769227206905195
YVM,0.5136737038218092
BON,0.42706115673966333
THE,0.7840178023964121
PKB,0.18416077663140856
WJU,0.18655594531906255
SJO,4.8163865666339625
JDZ,0.5180878112550538
KBL,1.24124558668892
SJE,0.2808355392702414
BRS,2.851629498839487
BLR,3.8746975951842333
RSW,2.132079127982075
PTP,1.2864858390221425
