id,pagerank
SNU,0.46373215635839043
YYQ,0.9597842480882127
YTH,0.9219287730343495
NHV,0.9207895950132872
GHT,0.1912266898617878
KWN,1.556914180987949
MOB,0.42792402426969267
LYB,0.3566343970101546
LMA,0.36634988108238653
HGU,1.6206783870568113
KMG,7.884182683300375
ELS,0.44010633405236466
DNK,0.60608759242138
YAT,1.065658164453186
KIT,0.2770388201752458
YNZ,0.561610815838358
TYF,0.3234242827063715
