id,pagerank
ACY,0.4584832589781468
YWH,0.8191972759896061
SXM,2.4227292923947807
SRP,0.2666080949436455
VDS,0.872895291567095
PFQ,0.23732874233654794
PMY,0.2662496928455109
KVG,0.5765847560747347
KCK,0.20462418317255032
IKO,0.7601465090067825
HFA,0.44843842760685
HRL,0.3895431563929943
BGI,1.1261549473082264
URS,0.1892194194883245
BSK,0.29072278009081176
FDH,0.5186114294904905
HLZ,0.5015831055988615
SHC,0.33992226060300185
HSV,0.7007946201443168
