id,pagerank
YWP,0.5706861475806015
SHB,0.2316644328904253
RMQ,0.988548814355448
POR,0.30786652455259333
BWN,1.0668680686818524
BJX,0.6504782271122554
YCB,1.0226993814234988
XBE,1.1571287744218968
LLF,0.21903109767324372
JAX,1.5151775804551284
HDM,0.2076925948654654
BNB,0.23409368953157783
MCP,0.3273223266651093
GZT,0.4638684440010443
MEE,0.5467244287691052
