id,pagerank
RAH,0.18797469415949614
REG,0.30133125561927304
BES,0.6396995254256291
KSD,0.21102435980136608
ADL,3.964661687726151
NAP,2.171476958429329
UVF,0.7181602549492814
SDL,0.40770657811150307
DBO,0.3617119496222931
RXS,0.2864386764046002
GCC,0.31599566379044247
YQK,0.6443915002720574
CAI,5.724030650871777
WUZ,0.21619810355379274
ATW,0.4616439740300332
GOI,1.137119447892918
TGJ,0.9186431380137847
