id,pagerank
TCT,0.3790562634989675
PUU,0.5693252706248776
FNA,1.039405269858657
CFE,0.4010854267593483
MEC,0.21730091714544442
VNO,1.8396597269750177
RLG,0.27182381765281777
SVP,0.3485560562829814
MOV,0.35659812224436593
PIB,0.18052552798098537
BIM,0.21617760583916937
VOG,0.5066136678832249
ALA,3.002567914834468
NUE,1.3578252900105607
PSJ,0.22158660313328118
TBI,0.3493051610650492
