id,pagerank
CME,0.26111036621277756
MRU,2.100733638772112
FOE,0.18150464666347127
SAT,2.301161492818086
YCS,0.7970070330842329
OME,3.957167881879794
YKS,2.6843604835276866
MUB,0.6264804165145598
XSB,0.3966812607022163
NNB,0.5357281110657337
SGO,0.7171046472611888
BMI,0.5418058614632767
BAH,3.0803522713613374
LAN,0.41000015745935925
JIC,0.3436725470875085
ANC,9.598938913530125
GNV,0.5049208557423154
