id,pagerank
EOI,0.3690299971761077
CXJ,0.3390630493788643
AHB,0.6691379751587984
BMV,0.4314466666703094
GIG,4.963463407893321
PXO,0.23824030526389892
LEX,0.7956497871234205
JQE,0.5324951313529493
RES,0.2662496928455109
TNA,3.37786289678413
SYQ,0.18790702390065694
OSR,0.2557789890190114
ISE,0.18437845287440427
LRS,0.4843235540501541
HRB,3.917877332976163
HDN,0.1892672168896448
