id,pagerank
ECP,0.3547418660042926
VAN,0.3353638466539114
UPG,4.596696846071626
CGD,0.3353238967062265
BSA,0.5546859494585737
CGY,0.5064998787647428
LBV,1.2850161920516383
LAE,1.4525586200992393
KWE,3.464818452332359
HBX,0.2204111006175217
LYH,0.21141729826336822
MAZ,0.18520975820662652
SFT,0.2404382982767134
SRQ,0.5262257626900516
MTY,2.831161014044341
