id,pagerank
GRV,0.19039263569604775
AZA,1.9314597995952802
APO,0.5860499189825153
PAT,0.6322775115478618
BAV,0.8387358803572834
UEO,0.18533190213340836
MLA,3.2465607517292776
IZO,0.19619787377789513
TUC,0.3812761170765866
IAS,0.4561567451573803
XMH,0.8085561795700341
NST,0.2715176484848627
ATL,31.57898981010734
TFF,1.7238418102332669
RNN,0.17790744039064058
NUP,0.7283011283332484
PMO,1.867571828731674
