id,pagerank
OHH,0.26460248124108166
SAV,0.8321064699661266
LDH,0.3487548416267434
IQN,0.3026380240334207
IBA,0.22788006176742612
ACC,2.8330925459912577
CCM,0.2851316632081532
TMU,0.4879611249426521
AIA,0.26535511344006396
VAI,0.49946916606285285
BLD,1.008155124096235
HTY,0.495637663360705
ZUM,0.342465073603748
ROO,0.22667994000684735
USU,0.28950853499144824
PPV,0.4392616890827881
JMK,0.4915343015993617
PSO,0.33646306640181833
JJA,0.3149857967064299
