id,pagerank
LDE,0.29541661895891763
PLJ,1.2882708578334827
TFS,4.2983338487352665
YSY,0.6410795507808347
YKU,0.8385246297697959
SSG,0.8364970738165818
OGS,0.18562273618246528
MQN,0.5586075237758525
YVQ,1.3775368751790245
MEA,0.4223260971321172
ATA,0.20714708512700628
DNZ,0.2172158765824742
BTC,0.40953662018314885
BBI,0.4358688979848148
GTO,0.43298004970918486
MOD,0.18160133360788086
IKT,2.5637082036630763
LNZ,0.42529667239641583
