id,pagerank
AXT,0.4581711709079854
UDR,0.3991888433889418
AAR,0.40900942442841387
IDR,0.7164749537613561
XEQ,0.5199945743803674
THR,6.160706011414151
SQS,0.49981723561403024
LWO,0.6190923229150872
NCE,4.138012267698383
NDG,0.3576879788385427
MAS,0.7097256331483329
DQA,0.2720783629457301
AOO,0.3156677749668416
TBP,0.20714708512700628
PUJ,2.46686695113238
PDA,0.3927747212636765
GMB,0.20082630733104864
AJU,0.8517219975316973
