id,pagerank
NIM,0.8360710641023142
ANV,0.8919320570624798
IXS,0.45557278086794645
CLE,3.1488232539832985
FAR,0.6539915139739194
UYU,0.23557833697239444
PBI,1.5435556643776238
STG,0.5984659379883931
LAW,0.2174868841110801
SVG,1.85454729902232
EGC,0.5315607100941591
TPP,0.5455424006598679
EBJ,0.21403995554551325
IMP,0.5445165349155605
ABA,0.31503056372947685
ILO,0.6337513600062977
BVC,0.5903732541040956
