id,pagerank
ZKG,0.4641317317663245
TAH,1.4304274096444851
FJR,0.3641513465770966
BGA,0.4299808345247953
HAU,0.48614690378568165
NRL,0.4347941353559542
FLA,0.2808355392702414
AMH,0.28631163105576335
OUZ,0.29673054839602503
KIF,0.46219688127156444
SKO,0.22788006176742612
YIE,0.17659173736767073
VLS,0.28571327620929426
LBF,0.1892672168896448
PLU,1.5610983607867646
