id,pagerank
CRL,2.649815326383851
KAJ,0.22203211898600167
GEG,0.6729682079412315
WGP,0.1954623212806411
POG,0.20187069356773005
KCO,0.1992061400641423
PDV,0.20656961682704666
PPP,0.3333209172363872
YDP,0.7289234720362857
PDL,1.3103718133733593
NJF,0.4658733281708674
CLL,0.24954183847207317
SUX,0.21178602471250732
NOC,0.5232635798609336
PGD,0.8473300953077397
CIC,0.18160133360788086
HYL,1.0972321361343305
INL,0.3210374577634547
