id,pagerank
ZCO,0.35754242322790514
ABS,0.24923966096423852
EDL,0.6346785344482001
WAW,3.5130081069276984
MEU,0.2830556706449873
DIR,0.4128881838916557
NBX,0.48325303325850993
IXR,0.5335472810277476
ROT,0.39727029559256644
FRA,15.315403085302354
BDL,1.7274931687085233
OST,0.17596441627110326
BWT,0.4520943192241559
LOK,0.37822867716188396
KUA,0.33150608675120735
LBC,0.2560717138628581
