id,pagerank
DAD,1.322046586158044
IXC,0.48056679832891014
DDG,0.2724179082532871
SHL,0.18954108628763916
WAT,0.19877618513890566
FLR,1.5184079480719348
ZFN,0.5536564362343755
KBU,0.27057890015003994
ISG,0.6341483988810045
COK,2.2526525510778193
UIN,0.18346816210047526
SZI,0.22348411196980283
PNR,1.068095587986925
POI,0.31993340533035364
LUH,0.1867930066802771
KKI,0.9047847824583428
WSX,1.1147071935605997
HGR,0.22672719736132935
HUS,0.44250407604810754
