id,pagerank
YUD,0.694370956082308
UYL,0.23896533957738372
BLV,0.19640977116255157
ADZ,0.9184089695488961
NLK,0.2708312260867264
GET,0.3189835430128339
MZL,0.2160294039423383
LDY,0.2811291337962463
LNB,0.5370852078030551
RNB,0.3015593998327676
MOL,0.4349689345712141
CHS,1.1844353753061014
BGW,0.6039023156244223
PUQ,0.8418902488411548
ESU,0.24636930361230616
KDH,0.3512944268267124
FUG,0.4036831266319184
PYC,0.4384768255138595
