id,pagerank
TUR,0.21605206333287014
YWB,0.8484454069943114
NAT,0.9816032742814554
MDK,0.8885954329513363
OGG,1.9557965794869618
BEB,0.24715842565979335
BJR,0.20082630733104864
LTI,0.3931132335006885
CLD,0.18458998507014265
HFT,1.2791140173118722
BEJ,0.29774701243641155
LSP,0.34823407871968615
CFS,0.3726250818281309
NZH,0.6026432384606912
PDG,0.45159338331520016
ROK,0.5030369090342706
