id,pagerank
SXX,0.15122326861443525
SHD,0.2586403659725198
AOE,0.17765442503121948
CUR,1.4743948503353552
SLI,0.3003350477317024
DUS,8.159470406387683
IRC,0.46340420294976187
TGC,0.20609700433376799
VAK,0.664267229530299
SZG,1.0259831282987304
ADD,6.10452893752874
DZA,1.0941471711503188
EGX,0.5701549368450631
IQQ,0.8493384163295467
SAN,4.023719309118345
SNO,0.211370458549649
MWX,0.3097310938330104
WWP,0.29524247884861166
