id,pagerank
JTY,0.3548949415156962
STT,1.2815775330915733
ELC,0.42416422330566184
KCA,0.209601130102951
KGI,0.4354677031524226
BXU,0.33458033758816996
IGR,0.5415450187395477
IUI,0.7771903928827649
YHU,0.5075191935000115
YGK,0.1833414075203342
YPL,0.3970225325249025
CAP,0.2789832994656102
PKY,0.27784675042549517
CBS,0.209805314507355
VIL,0.23893387093757865
MCY,0.41560084399710984
CSK,0.23097234419407614
SHR,0.1892672168896448
