id,pagerank
INH,0.3739656115088247
VUS,0.22279012345823238
ORH,0.21246870736228202
VOL,0.2873858588202244
RUN,1.4260600346818437
VVC,1.0413056862171124
UET,0.8372484694622655
WUX,1.2576772739964122
MNL,10.191965686247503
MCI,2.6929560777677413
CCK,0.37829081869362624
GDT,0.621785543650967
KKR,0.3968360878008813
TMI,0.20886848791484308
OMO,0.1800181830051805
PER,6.021017869676205
RIY,0.643742435553212
BME,0.8879950631799868
LRM,0.45083262602385205
DAV,0.4925510989533107
PVK,0.5109920072314558
