id,pagerank
NKI,0.40251362856172535
AAY,0.2410986844780462
CKY,0.8440535228558901
PEG,0.2911114533657826
CRD,1.127879124938796
TEQ,0.1992061400641423
DLA,2.540808196976168
ELQ,0.6027770047425568
SDY,0.2597342969049174
DYU,2.1718373526752304
NGB,2.2111460622552417
GWD,0.28297489609027626
SOJ,0.4729112773622049
MLM,0.4911894286198553
WLH,0.33693990903621635
NTL,0.6255347441493403
