id,pagerank
IAH,9.175580648538887
HNS,0.8121604924764587
BHK,0.4220913721871335
BDB,0.27620265091375684
PJG,0.194768623040654
KTG,0.2930533743858001
XGR,0.30945341667070686
TRD,2.107296407993111
QFG,0.45189796501981755
NKM,0.5408137659903623
PPN,0.2160294039423383
MSL,0.18052552798098537
RDD,0.18160133360788086
ORY,7.9323147415362785
BEY,2.293873155545879
GPI,0.2624783228775891
USH,0.7633341112189735
SVI,0.4761103248174678
