id,pagerank
REC,2.0597772338162215
URY,0.2213384193266165
YOL,0.22788006176742612
DCA,6.340661926584365
RCB,0.20651506491792337
DIU,0.22168101695519465
GTR,0.23913004671408566
SHJ,4.055834045864621
YJT,0.2053583210544082
YZP,0.19383559162576866
TUF,0.2853052621660865
AMQ,1.51410413544802
INN,0.3527993108344346
KQA,0.7601465090067825
HNM,0.19073856784731666
