id,pagerank
MSZ,0.21778296032190855
MOF,0.2703185010866655
WUA,0.3601876674641698
NOB,0.20529754205388648
PMV,1.4308118511644239
ZIG,0.1875930731041013
TOY,0.4254229362410714
SLM,0.17657315991463413
PIR,0.8218134745996484
PTU,0.4762468518139772
JGD,0.33183899884043805
DEB,0.20115939283269058
KNX,0.6249411371127828
DOK,0.6214743189970233
KLR,0.3015593998327676
HTI,0.5582581480925486
DLI,0.33716508769918324
FNJ,0.29958573730555976
CTM,0.19013934023310985
YQQ,0.5912479401391242
