id,pagerank
RVN,0.22203211898600167
LLI,0.5380674989986073
RJH,0.23292638937058208
HYD,2.9517543012986467
AGH,0.3015593998327676
CZX,1.020399397965333
AJL,0.41051306210647415
EMK,0.8781044610566958
HUX,0.26111036621277756
CCJ,1.2205933733032461
TOL,0.3384135679576562
LLW,0.9163706159273634
KWJ,0.29729251698385606
UUD,0.6225011342266659
TTE,0.6558497009760326
PVG,12.592409470691209
PCL,0.5455424006598679
