id,pagerank
PQI,0.2151748397639731
YTZ,1.0229158246609267
VOZ,0.42605517794622877
CVM,0.22905541185178446
IND,2.263618721679092
EKS,0.21974263550806097
GPT,0.4269449055872067
BIS,0.38909842899083413
HKG,11.93988789508952
RNS,0.5226665302399511
ITO,0.2983187471648382
HOU,2.368897819713268
HFE,1.9361312655623317
YQU,0.3293765721716383
OKJ,0.5816066750230116
VLL,0.22727294251503194
SMI,0.3948269244117214
