id,pagerank
GPA,0.2280963949284125
UAK,1.266134659819595
FCO,9.891472181712688
ABZ,1.6884518566313882
BVE,0.3305847671966844
GLK,0.5223991356079877
TRI,0.38570402066783105
PVC,0.18319905418920415
LCG,0.4627168972163802
DYR,0.2352524814290684
MOU,0.6113411353398971
ULH,0.24567165350704975
LBU,0.3449990162954073
SJW,2.228423278280113
DVO,0.8899411744234529
BKQ,0.27620265091375684
KMJ,0.5272523021585002
