id,pagerank
TST,0.2715176484848627
JIB,1.15207474393828
MWZ,0.6166653167324927
LMM,0.33615422414158175
PAF,0.20149773239236674
FUO,0.21088987221176303
LBS,0.3672342147042846
AHU,0.30781025632844433
TLA,0.6028446689166659
SOG,0.40923775147566016
CHA,0.6564768575651128
NQN,0.928356444356814
BHI,0.6483545659179454
LVI,0.5489638616681193
AJF,0.2213384193266165
UNK,1.8100111388182707
YAK,0.5413439172255174
