id,pagerank
MLX,0.29835393229215024
SRY,0.4947193751208302
GUM,1.6108836364699612
ATK,0.5836622682222943
BUD,2.8048325927688227
ALC,4.843720103674559
KCT,0.4958072724457186
GLN,0.20929118309886063
FLS,0.4991292338977985
JAU,0.20714708512700628
MBE,0.19619787377789513
KHZ,0.3968360878008813
OUD,0.4424797816184606
VXO,0.5019671570058543
YXS,0.776419157052409
TLJ,0.4741963524325322
MGW,0.26930404288229276
