id,pagerank
GOU,0.2601769795741605
KKB,0.2708465797204201
CMI,0.2780496402091522
BRQ,0.1789791296069327
IAO,0.19936492979800496
LXR,0.46552620865711464
EAE,0.28571327620929426
SLC,6.199583971959505
LYR,0.2968960730621683
KRN,0.29455234289710647
VKT,0.26909710254659147
YYR,1.8932354998565135
YHI,0.8295968260218717
SBA,0.42470200996606383
PNI,0.8333180789978857
DRO,0.3184883771973158
GMR,0.2740296782076583
KUH,0.34754466997972
