id,pagerank
ADE,1.0203963167652117
TAB,0.30977674457967885
NGQ,0.21949841401429673
YVB,0.5252390029511145
GDE,0.32046455359471965
TMJ,0.22297812402124145
AWD,0.6941216727161345
VDZ,0.4276777055723353
DEN,16.18153482552298
HUI,0.3031426868792042
FSP,0.29121967334304333
JHB,1.0139663229068596
TZA,0.8853896037765526
IRJ,0.2662496928455109
WIC,0.21149944105817034
VGO,0.44096650797983167
ZAG,1.4618649552782343
UTT,0.20651506491792337
