id,pagerank
AVV,0.20834153493706556
RSH,1.083283925217256
COR,1.31097286609395
THX,0.195693707721738
KNG,0.46225640937733914
RVK,0.4252997855656422
CMG,0.2175430941533429
SRA,0.2161053333116143
GDN,1.6206382967526416
RMT,0.5729789510434347
RRG,0.194915105116617
PRC,0.18458998507014265
TBB,0.22718297774681973
PLZ,0.6763041093320681
MLU,0.3374486165717236
PWE,0.1892194194883245
WEI,0.2866731406982789
