id,pagerank
PUS,2.6012894198170398
DIG,0.3315003947207901
BJV,1.046969597356947
NGE,0.21517026696385788
MOQ,0.3816196141995716
GIB,0.3019578945600744
ARU,0.26713957711366415
REN,0.4384884320655131
EBB,2.002002159082532
KGT,0.1744124776548571
DPS,5.18664017790556
RIA,0.7610275348177463
XIL,0.33820221244732523
ZEL,0.7083210886150263
YRG,0.4498058553488074
KOV,0.22850240295880184
SDN,0.27169070414521734
KIX,5.085353274029758
YNA,1.050473237846549
