id,pagerank
KVC,0.4049632495274447
FYU,2.0714626191752425
ATM,0.3417553566618787
HOT,0.32994621948017105
HRO,0.208203958206902
DIN,0.1874475829158204
ACI,0.21767896510814572
ALH,0.3673897400636061
SLH,0.8406865866985495
MXP,5.694335738981043
MTR,0.4041757109503004
SIC,0.5324951313529493
PXM,0.26797148347045907
YFH,0.9260327792535475
JUJ,0.3525602151699957
IAG,0.34587169809878326
NYK,0.8908122136011465
