id,pagerank
LNY,0.2649520307091308
PGU,0.4774439646876856
LGW,10.11983930773988
TPA,4.369598084568964
BJB,0.23732874233654794
CXR,0.41606984961179516
AXA,0.35519255115214293
MRZ,0.20834153493706556
ITM,2.131084369105183
IGM,0.34287283848729777
BPX,0.22847590404705534
LLK,0.2248947944369286
MQM,0.3277686939203874
EIS,0.5734156319100344
PIN,0.22891861311775338
WRG,0.5966378646399875
