id,pagerank
TOE,0.40727554126178417
PHO,0.8674165965411991
KSO,0.18449526964639723
LSE,0.24519146146724397
IQT,0.6111345136099493
DCM,0.3357623721809218
ARK,0.2033869597267841
JMU,0.41383529356569404
BNK,0.4395096731120668
ROS,0.7386319635339395
IFJ,0.46925033704674884
OLP,0.2176604145082193
GLV,0.7140763890741689
KSF,0.2007068941584509
RMF,0.30703697114236767
