id,pagerank
BZV,1.5809697948645536
BQS,0.38623436219010576
DZN,0.22909922423436777
NAO,0.29573021021505874
WAA,1.0776117795942899
PGF,0.28805070165749785
IKI,0.257725500130325
RMP,0.36634988108238653
VXE,0.4639252136802773
YBC,0.5624218645748921
AXK,0.1961609765462407
ITB,0.2974887006417567
SYR,0.9361447186180141
CNY,0.18851290283052122
MAQ,0.211370458549649
