id,pagerank
HIR,4.781834964691205
IUE,0.15122326861443525
NIQ,0.4793886911858208
OSD,0.3013164983640137
NWI,0.4616528986442278
LLA,0.5331989839841264
TSJ,0.28930428029213967
SZZ,0.34481016979819823
YGP,0.3555350426364204
TIJ,1.9509642682796533
HIA,0.4317053332808532
WMN,0.5912865060490283
BRA,0.4888030660903066
IXM,0.41632703180546465
IDA,0.3097521756288576
SRV,0.4281288489267095
YUB,0.4056774468480054
DLU,0.3252545025598143
BDS,0.7061888977813919
RGK,0.19039263569604775
