id,pagerank
CLM,0.8165941456444843
KGQ,0.7771903928827649
LNJ,0.19998009227342664
RDZ,0.26364072594281907
VEL,0.18851290283052122
TCZ,0.27306578005487103
VDM,0.2662496928455109
SUB,3.435746045006621
MXH,0.5233115046293845
MOT,0.34391192644271784
OGX,0.7381690636710071
SGF,0.644104612401324
AVA,0.25772000984483423
BJF,0.5192292262813927
ARI,0.4541801168035375
CGM,0.19936492979800496
HJJ,0.21906487769516012
CXB,0.2741329048835461
