id,pagerank
KAE,0.3531675352821324
PSR,0.3942977416404601
KTN,4.785196674352373
DIW,0.3649235426676625
BQK,0.23913004671408566
BOB,0.8939669740476608
ACZ,0.2076925948654654
DJB,0.41730224739974764
OZH,0.22776248153092643
VLI,4.401286023220462
SPN,0.5113298534297124
RVT,0.3377165359809395
YGW,1.1345474531576978
TYR,0.24954183847207317
PAG,0.2444367323947266
KHG,0.5751866864628974
HTN,0.3263568530799825
