id,pagerank
JSI,0.21776727067835921
MNA,0.22189004615264696
WRE,0.3161512462455757
ILM,0.5233120175440356
YAM,0.4678402503913684
YWL,0.44387052996655807
KKC,0.24389075261624382
KKJ,0.2861470841048149
ZHA,0.6170307231422271
EIN,1.9994298735416205
ESB,2.9366324079877346
FKL,0.32022433613084134
KVL,0.5871977569764499
AKX,0.4288627883516739
CAW,0.36002722819193683
MSW,0.15122326861443525
TRV,1.6664251568829733
TRS,0.43733964189321484
LPA,4.5577134877268
