id,pagerank
KKE,0.23093559653509005
RDM,0.4282697875014719
SIP,0.395236454432713
VTE,1.654540979954357
SCC,1.446639253165108
MJF,0.5084922460312139
GRJ,0.43116916492776186
SWJ,0.47901109070130926
ELM,0.3557479487801853
BHJ,0.22168101695519465
ABR,0.18462870536917186
KTS,0.8571805646522344
GUW,0.5718299337616631
GOV,0.571136351143137
GBE,0.7779297314118181
SFL,0.2083531553937314
SVC,0.18270204101994833
