id,pagerank
CCC,0.4375740077852846
PHX,9.315068488841833
CPT,2.8760432431714533
ABY,0.26843230608063584
SXK,0.2438676394932886
CXH,0.5076482796882926
ZRJ,0.8587491998123364
ZKE,0.9732268249120527
TEB,0.2630057174887434
SWA,1.0022773791548565
NDR,0.6261365456425754
VFA,0.614990056621604
LQM,0.27213086757699784
IMF,0.5734368268731771
HDS,0.2623979240547788
URA,0.2831640799712934
JOI,0.45063456492347537
