id,pagerank
HAH,0.7400738441644719
MVT,0.5186260353409141
SKP,0.8510030278388246
TSR,0.4937272599862541
KDV,0.3672342147042846
YRT,2.8156746244392217
PSP,1.0152286946046867
WMO,0.7245227014522169
DME,14.923019562716213
JUH,0.32552371886951437
KLG,1.0536714532145293
KWL,2.6452579671495733
CWL,1.087061323594281
JFK,15.159114387369803
KID,0.18493024114520978
CEE,0.5888154268305038
