id,pagerank
FDF,1.0419357421961097
LRH,0.469026406502054
PVD,0.9623577851671901
PZI,0.24273904602436355
TRZ,0.4536647679283238
WWK,0.9111432442974123
SDR,0.6347692834625769
UPK,0.7771903928827649
ABQ,1.70065734939688
CPO,0.44800667938157257
BNI,0.27560840242985857
MAO,2.980762833898647
JNG,0.38749948746275353
OSM,0.24481150823397826
LEB,0.22408880021786937
MDL,1.1650579847752836
PPG,0.1883300000453423
UAS,0.8118733819295136
BUR,0.8094865268063187
BUZ,0.46954440942022796
