id,pagerank
YPW,0.19383559162576866
BPS,0.7112677472254695
DSK,0.338671760815622
KEW,0.424829453650957
MCM,0.17715638240068657
LDB,0.8735228111623352
CAE,0.6577607115471095
KUU,0.1867930066802771
MAJ,0.7171547176116191
NTQ,0.19619787377789513
HAC,0.19619787377789513
PWQ,0.2682685913159803
KVD,0.44514929972259903
