id,pagerank
LED,7.46981670947592
FLW,0.5264378999464434
JIM,0.20082630733104864
ABT,0.2550757778597917
HKN,0.7775103299050025
XKS,0.5934324321714449
VLV,0.2683873604002748
NUI,0.5820825306158219
CDB,1.433580131965158
MVR,0.19387921781917067
TDD,1.5504521367202881
HAJ,2.1008966017537727
MZR,0.31634995889571976
MCN,0.2092937981164651
STC,0.2329327656085439
AFL,0.22667994000684735
