id,pagerank
AUG,0.18319905418920415
UIO,3.0233234416932957
GRR,1.0621664290610608
EGO,0.5485320694669532
JED,7.612009399348425
ACH,0.23862100725935712
CMN,4.869709800136584
NTG,0.5668491937850123
JLR,0.2575916189164987
FSM,0.30539366221073055
PIE,1.4933039616536499
SVO,7.2812014225906525
MEL,8.036163887097832
TRR,0.40953662018314885
GAN,0.34993384347610107
IXB,0.7809098694166843
