id,pagerank
FTE,0.5197293591153717
HLA,0.3770594942910083
KVA,0.31308579543131015
SAL,2.1033657464156397
SKD,0.4114763854249771
KRK,1.6715731515794097
NRA,0.3630538721221942
PBD,0.33954792300303566
SAX,0.4384768255138595
TPS,1.032763875724293
ZTB,0.6142619345963275
ATQ,0.47295790318052583
KPB,0.3371102476420791
EAR,0.1892672168896448
DMK,4.708431858925167
BSL,2.570465758964238
