id,pagerank
THU,1.0324764191903046
OLL,0.2054274780789569
ELH,0.43966240050311206
SSH,1.2671829871914884
KOZ,0.390469890826405
BRL,0.21374954014951128
JNZ,0.26835744799548394
HPH,0.3044518539274123
ASO,0.28631163105576335
MBJ,1.5120860122669015
HYG,0.3371102476420791
CGK,8.850611155098203
SKN,0.45146889303010834
YEV,2.3062652081703723
