id,pagerank
TGH,0.28571327620929426
KOO,0.3946651480174336
KUK,0.67531356523771
CBB,1.267424812977517
AAQ,0.25594642798958944
RYK,0.2574573632526163
CPX,0.18520975820662652
TNJ,0.2735274129000717
BYN,0.5709366277195626
MTJ,0.1892672168896448
OGD,0.20265138755950785
JAN,0.679328267882607
GUR,0.9209127068629287
MLN,0.29532904740648624
MLY,0.36634988108238653
PLM,0.7003256945318619
SJZ,0.29046210778606923
WNN,0.5133577291520774
