id,pagerank
HID,0.21894820465635711
NME,0.6112305720344087
LKG,0.2912748497492835
LZH,0.4749448870338805
SAB,0.2275307034195984
SUF,0.7821664899457004
NJC,0.7616993660679584
CZU,0.2808355392702414
LEJ,1.1478523397548992
BNN,0.4421036912161671
ISP,0.6238719807184793
HIN,0.25959056950377296
RGS,0.17657315991463413
ZEM,0.5898675893746931
YGZ,0.5473930163657345
BSR,0.40308888790590786
AGP,5.799180830460923
ROV,1.0852669785253872
