id,pagerank
QUO,0.1989516092768677
GRZ,0.6122224762603372
YQY,0.23273057922092663
KUT,0.40779072489796353
LIF,1.3017983959681942
TLC,0.6425083736186219
EGS,0.46925033704674884
OOL,1.7871800282713748
CMH,2.135105197324789
TGZ,0.43292286364054144
CIT,0.6188862242607271
SDP,0.4276777055723353
KLO,0.8039469828568249
ZMT,0.19383559162576866
FUN,0.2949591442286714
BOH,0.6332566289260486
CLV,0.2803238268012506
