id,pagerank
PUB,0.1892672168896448
PIA,0.6627688320488762
NNG,2.931745074896781
HGA,0.6100949142900878
IGG,0.5701549368450631
BOM,9.403936003598169
AFZ,0.23732874233654794
HMO,1.033124736203156
WVB,0.33424002866881386
HIB,0.18462870536917186
RSD,0.2502520894757497
MKY,0.6122278858595477
BIR,0.20886848791484308
IIL,0.23732874233654794
SUG,0.28950853499144824
YZR,0.1833414075203342
YEK,0.9139047550035082
PHC,0.6487638038761285
UBJ,0.26994838104718605
