id,pagerank
TUK,0.39373738068987335
ELF,0.23896533957738372
GAF,0.18414910281487742
ASJ,0.23949476170542844
ELV,0.45251453205807934
YLW,0.8825464140621935
ROB,0.7845713862719116
MJN,0.34921700249649873
KHY,0.23732874233654794
TNW,0.3363719170743244
TNN,0.1797622603731046
KRO,0.22861202635685232
CAN,9.9478845799967
BHM,1.2034206922631203
BZO,0.20181972608669874
KIR,0.30593608373714365
