id,pagerank
SHA,5.533185420621111
RUS,0.3149857967064299
WMR,0.2589752181819019
VST,0.22885845313680545
TAY,0.22203211898600167
OGL,0.1927784775846039
JSU,0.5359389671769302
EDR,0.38160191439201513
HVN,0.20864134098540513
PSA,2.1991098673963236
KGS,1.4200710351799086
CWA,0.3059181249572117
BBA,0.509006075187157
BKZ,0.23923033202033306
ABX,0.3726250818281309
BJZ,0.20433211316243852
MSJ,0.23949476170542844
THD,0.19095866344543458
