id,pagerank
PIS,0.3748680904129019
QUB,0.1912266898617878
YPR,0.23644791463710207
NAJ,0.18437845287440427
SRG,0.8895038998259263
TBN,0.18346816210047526
TPE,8.075301892653128
ZQZ,0.1970484103730827
PHF,0.43997259955731455
PIZ,0.5191327307840629
MMU,0.27155801861141776
CSY,0.2248947944369286
RCY,0.2007376790450925
HAN,3.710492147627312
BZG,0.2274820965869029
AKU,0.28516847892805264
GND,0.7253322609143522
