id,pagerank
PBO,0.3189835430128339
LTO,0.18458998507014265
OER,0.18493024114520978
AZS,0.343583518967489
TET,0.7511238282791635
ABI,0.2174868841110801
MUE,0.19073856784731666
YPC,0.4056774468480054
MIA,14.083505297239812
STW,0.29345106003839105
LHR,16.799849147916568
OLC,0.48760782516849177
OUA,1.4595435372653334
ESC,0.181668554055367
REX,0.4872910548204607
ASV,0.2912748497492835
SLK,0.18319905418920415
