id,pagerank
ZSE,0.2822987781209805
RIX,3.073595466289976
ZHY,0.2037489248167648
KDI,0.4030813202661853
RHO,2.7246720867908825
YGL,0.5461548669645754
LRE,0.9691686696379309
JIQ,0.31836221307107443
AUX,0.4245261512414035
KCH,1.6729538207317554
CID,0.7753015422387523
DIL,0.35348173177930875
DFW,18.288030060532805
UGC,0.4265278659045429
VCL,0.22718297774681973
