id,pagerank
CNP,0.834918068608455
BSD,0.19998009227342664
HOB,0.18327822297542828
CNF,3.5249133364716534
BZN,0.4482585372990197
LBA,2.23518233189319
RVV,0.42079674526400285
WNZ,2.07419676691927
HOV,0.3593073703096489
WAG,0.23093559653509005
MVD,1.380384298706728
TYS,1.1277951254493017
MYJ,0.560624437579896
MPM,1.4558958095553147
RDC,0.21605206333287014
TFN,1.260116331186251
BHR,0.20886848791484308
