id,pagerank
TLM,0.34720498889994944
SOF,1.9335117096225993
MMX,0.873227829343975
RDN,0.23551744704872313
JHW,0.32022433613084134
WRL,0.4152798651534549
HAD,0.4046757768765959
YQR,0.8451778993077524
AJI,0.23236132432411133
EQS,0.4936783577234895
GAE,0.2623739521100434
VLN,0.6670495729425276
USM,0.857964442658972
KSU,0.4590970675284585
CDG,16.799849851541232
CAK,0.7990534260992901
CLJ,0.7095345249017957
