id,pagerank
GZP,0.3608120186472055
DUB,6.018249780417677
KAO,0.18662769380021846
YNC,0.5797089410912688
AOG,0.22871276019333275
LDU,0.19406504611836492
BAL,0.26519874803218124
LKN,0.5389813509439012
TBZ,1.027319979663137
YHM,0.33573356085991224
SDG,0.23732874233654794
CUU,0.7498974622486752
HNL,5.1479566633620975
PPW,0.5553868376548955
HCR,0.8480195546644519
BAQ,0.6546615186976689
