id,pagerank
BJL,0.621086346369462
CUC,0.3651746991968922
DUT,1.7521809693645913
COU,0.2780496402091522
BDQ,0.32804936725725803
HND,8.292024556703012
IXD,0.2220218808506568
LTD,0.1912266898617878
MIG,0.6430901724737281
XCH,0.5299744076353442
YYB,0.26859549270262234
UBA,0.3826110588903306
KLU,0.31874062970386774
MSU,0.20651506491792337
TVY,0.5675273548805134
