id,pagerank
NVT,0.5400238379442232
GLO,0.19636049844664302
GPB,0.2099624911920488
BRI,1.4299487197897052
EAU,0.18150464666347127
GKA,0.7175560086581484
DGT,0.33458033758816996
REP,1.6053570652812121
URE,0.18637591879057905
PUW,0.26731987599859053
MLB,0.2993240763630186
FMA,0.2662496928455109
YSB,0.6016951028271961
TTQ,0.20529754205388648
BZR,0.38062516016688014
URJ,0.29393544139533817
ATC,0.3493051610650492
