id,pagerank
MEB,0.2797630469367052
YDF,0.7648221458283322
MXV,0.309393020163212
PBL,0.26866879999421633
SCK,0.18299047419248946
CJL,0.2292385930414802
CPV,0.26204238757216236
NTX,0.2027266618166671
MAR,0.9234050702790945
AUH,8.310951114929184
ELU,0.19496006319629652
EUG,0.6167362023357836
KPO,0.26195984027922875
GAU,1.642247349456982
TBW,0.1892194194883245
