id,pagerank
ELP,0.8667699605640108
LTX,0.333422592032181
PNK,0.5046173183703387
MCV,0.21292998303330796
PQS,0.9020621879274483
SBZ,0.2489193450215056
MHG,0.17582262314940347
PLQ,0.23719460920493465
CDV,0.6582772791026424
PFB,0.6037811583368408
DLY,0.4978618637453675
GUA,1.797935382736401
YFO,0.6505007668819376
ZUH,1.5635124855333238
VBY,0.4930197712413476
AIU,0.3810790347833502
PZO,1.0837353814197395
CXF,0.3245428471419038
