id,pagerank
AVN,0.22371868448387036
RTM,1.085497639896177
MEG,0.3798906269080941
YPY,0.33298926715672683
SML,0.2502520894757497
GJA,0.222164495269368
MZH,0.2172158765824742
RTB,0.6800210943971904
MQF,0.22049429282790065
DOH,6.558511955497121
HVB,0.2708312260867264
SIT,0.7249414933374202
AGR,0.24731585156406288
BRU,9.852398480988553
JSY,0.21776727067835921
TGK,0.19039263569604775
CBR,0.9035191670141814
