id,pagerank
PQQ,0.5467703848815246
MCE,0.18458998507014265
KND,0.4775355689345762
BTR,0.3976426462206566
CLY,0.6849737308782406
XNA,0.9036815225382354
VIJ,0.285109853705714
LEQ,0.29109428759293227
HKK,0.23234231796142596
TOH,0.8782655754465123
IVL,0.18662769380021846
DOM,0.8087876612999559
QOW,0.27560840242985857
CAG,1.3421885835039709
OMD,0.3413174602147142
YOG,0.4179304876817868
