id,pagerank
STV,0.2575916189164987
SEZ,0.7782044269700227
IWJ,0.19619787377789513
MSR,0.26519874803218124
LPP,0.23485183572090848
EGE,0.1892672168896448
CYP,0.19629507121115689
KSJ,0.46427238294863254
HAA,0.38681941451452806
HTA,0.6447967057980054
CHU,0.3720699238649718
YRL,1.8422020855756152
CCP,0.6456411444205997
GOA,0.6843115259930365
LOP,0.9201277529248048
WGA,0.3155068155055005
