id,pagerank
LEI,0.6312484830382565
NYU,0.4819245183541495
EYP,0.2808355392702414
LAS,9.209055512680003
ORV,0.8344330643066518
SGN,5.094140050119429
YHO,0.878134048359381
IRG,0.5756500392619134
MUK,0.27031989035406967
TIR,0.21901436197744384
ROW,0.2174868841110801
ACR,0.5928441249824875
FUE,2.565011537785205
QBC,0.19383559162576866
BHB,0.18319905418920415
HOD,0.30467893732495355
CZL,0.8579672390282015
GES,0.3885389301366605
