id,pagerank
PMR,0.6110719668171346
YQT,2.080837250203338
MTV,0.8782655754465123
YRB,0.8757967449095642
RGI,1.3400934149254184
KPR,0.47790068184511136
MAG,1.1442633908988056
MRS,4.534395860771441
ASR,0.3863621692437204
BUF,1.1872714318851225
AZD,0.5852018501995898
KSM,1.188703196217621
DAX,0.37079322595589315
MVY,0.4369176181609603
MQP,0.38761850207191945
ERS,1.474026962376769
JDH,0.3636191053231
VIN,0.17804170979966363
TSA,1.4932131365951675
