id,pagerank
AKJ,0.39463606017261205
PQC,0.41618198485307745
BNY,0.5501599838366679
TME,0.37654805084920834
EXI,0.3531675352821324
YYF,0.19383559162576866
PIK,0.7101514457558386
VPS,0.4818415667157393
BAX,0.2606136363303211
BGO,2.664882666778094
LCK,0.2376032129192476
MYW,0.2033869597267841
YVO,0.8980212611870918
SPP,0.4875949581724448
MKL,0.20967947995106462
KHH,1.9223629304439604
