id,pagerank
KUD,0.2615409046512379
EFL,0.36765108551357945
IBZ,2.82430440227543
LGB,0.7455952143367764
LKE,0.8429961372860802
RIW,0.1892672168896448
RNO,1.0967611746949644
MHK,0.2780496402091522
TER,1.0639596768951445
CZM,0.6639551834908636
BBO,0.741809726011079
ISB,2.5882120765382077
SYD,13.933368389291086
SJL,0.48760782516849177
BZL,0.1921931473708055
AUS,2.7428202755840023
