id,pagerank
FUK,3.162172260411653
IBE,0.4041757109503004
NIB,0.3790562634989675
MBI,0.2033869597267841
LGA,5.11542011598313
APW,0.5396376838345562
LNV,0.6866315519829436
ENA,0.5659049240512853
TGM,0.20211234302697087
ENY,0.30194240305265796
QUW,0.8206692707857497
FIH,2.6222285965234153
ZVK,0.30993304417786866
SFN,0.3812761170765866
IFN,1.3902826316097345
