id,pagerank
ENU,0.325211441146472
NDU,0.993057325939121
JOS,0.1989516092768677
BDU,0.1847479422674709
ARC,0.5366379396647523
DHM,0.22236274474611897
FEG,0.40226449203186604
ORZ,0.4038443174955348
KDM,0.2907048886271515
MPA,0.993057325939121
LUW,0.2919499376521271
SEN,0.500092827831083
RUH,5.923899382669455
SCZ,0.3149857967064299
ABV,2.6668716440196225
