id,pagerank
PPT,6.0359689985601035
VLC,2.3274353146342395
VAR,0.409905936992768
CUL,0.7266110622571356
OVB,3.7176421369253374
YSK,0.5545767464185243
BLA,0.7990759045420083
MYD,0.6752821528783981
BVA,1.8319627099663065
BDH,0.24086413572497248
KBR,0.7603008305045572
GZO,1.5146045403399668
GCM,1.2975965097911424
GEV,0.5354617326292797
LWY,0.5357828051473686
YUY,0.582481907740437
XCR,0.20474348349397825
