id,pagerank
LIS,7.32332595617005
SYX,2.658874131737429
SLY,0.6693510806653414
TKX,0.5504648484816924
NGK,0.19608311434745587
TMC,0.31455755375287126
LWN,0.19039263569604775
KOS,0.18367272286761707
GIL,0.1891452913190158
BVG,0.6554124519304506
KGX,0.9164608193886691
PTJ,0.15122326861443525
DBA,0.20703613711162255
AMS,14.074561490309936
AHE,0.6751341827826047
TBU,0.5837771368682244
KUN,0.6628308787700644
KHN,2.208236639972643
