id,pagerank
YTQ,0.5326210150258512
JNX,0.21776727067835921
YIN,0.2559795481837947
MEM,2.002222360295804
JUV,3.1180236527869356
PIP,0.49192374526575405
TOG,0.48395466355077055
WSN,0.49192374526575405
EGN,0.23896533957738372
FEZ,0.6943387807161461
AQJ,0.21459498055419127
BDP,0.20886848791484308
DMU,0.25501001852286803
AQP,0.875607708347758
PCR,0.3927747212636765
BTU,0.5114912467487803
SSA,3.80857957040329
KHS,0.1836166731668702
