id,pagerank
KNQ,0.5467244287691052
UDJ,0.1897663306570372
ULN,1.926617816593959
ISA,1.5400104277890383
VGZ,0.2160294039423383
BOG,11.464237017246246
VQS,0.36542598848827945
EJA,0.2160294039423383
GYA,0.31983473154917186
VDB,0.1847479422674709
HHH,0.2663139593919009
DLH,0.2981054079413348
PYY,0.1884503954812432
CKZ,0.1992061400641423
PNL,0.23201970554993
PIU,0.26307090163957736
YAA,0.2335851287050067
PEN,1.8951423992574354
