id,pagerank
YZV,2.26461936380266
ZRH,7.268699706512909
PYJ,0.4007996518159793
SLQ,0.6495049679489855
LPL,1.7872079377855636
NOP,0.18437845287440427
ODO,0.25802509773066545
PUY,0.5671452339227022
BHH,0.2550757778597917
CEM,0.36634988108238653
GMP,1.7349226114597665
BPT,0.2174868841110801
MWA,0.18346816210047526
NNY,0.3457390058118188
GYN,1.4830340311227255
TRW,0.52468677409707
UIB,0.6479495450898394
JGS,0.36162174795922886
