id,pagerank
KHI,3.1747292614806577
KGC,0.2176604145082193
BKG,0.2739465269573562
DGO,0.33393227759591054
WMI,0.8312941382428024
ZOS,0.2084668232411255
VAA,0.32145558392331663
PVU,0.2698785295954833
OBY,0.5396562739280658
YAP,0.23323167725310096
RBQ,0.40418979990713105
CUM,0.209805314507355
LAQ,0.25707835826267217
RBR,0.6531953999628252
ONJ,0.19619787377789513
BIA,1.2104316521690943
WLG,3.1861468278956937
BTM,0.18851290283052122
