id,pagerank
CHO,0.5299932793458026
AKK,0.2708465797204201
VVO,1.237986972292812
CCF,0.4181242912809137
WMX,0.2586234343445673
IBR,0.32020298029671057
WUH,4.782214526864764
SAF,0.35563098175341185
TIV,0.5108050088955443
LAZ,0.20725850590851125
SOQ,1.085396248519811
KOP,0.2715176484848627
SLA,0.8102158692620883
SCN,0.36959614386210665
LGK,0.8189154844192365
KDU,0.1891452913190158
KPN,0.7993401308196839
ADK,0.2894504870933853
