id,pagerank
PLO,0.28409756040200335
NEV,0.4800093385589495
MJV,0.6579973758532041
PKN,0.5768988126850568
EVV,0.42570396311628456
CRW,0.608429374031317
BSG,0.24099992782189264
DJJ,2.106059568199948
HSG,0.2249737758837262
TMW,0.20834153493706556
LPD,0.3127647063756785
MMK,0.5178239438665416
IAN,0.8344330643066518
YPN,0.37828479581187463
HVG,0.4405188099745324
TUU,0.4798030697811583
YLE,0.2614000050158046
