id,pagerank
ROC,1.034154098349359
LAR,0.1892672168896448
BRO,0.24954183847207317
CRK,0.5707964203454645
OBU,0.8670436842993738
AOQ,0.44726186701621684
OSI,0.2588680868500355
IGD,0.23236132432411133
XTG,0.556761649438248
KBC,0.36634988108238653
PBC,0.3829953854563481
NSK,0.708118847294653
RAI,1.142818879631983
LUZ,0.30918468621607925
RGA,0.38122337043861787
YXC,0.32647009397904525
DNH,0.32097063511616
BKS,0.3657988541975157
